"key_ID","year","member_state_ID","member_state","member_state_code","case_type_ID","case_type","count_cases"
1,1988,1,"Belgium","BE",1,"Scheme",0
2,1988,1,"Belgium","BE",2,"Individual application",0
3,1988,1,"Belgium","BE",3,"Ad hoc",0
4,1988,2,"France","FR",1,"Scheme",0
5,1988,2,"France","FR",2,"Individual application",0
6,1988,2,"France","FR",3,"Ad hoc",0
7,1988,3,"Germany","DE",1,"Scheme",0
8,1988,3,"Germany","DE",2,"Individual application",0
9,1988,3,"Germany","DE",3,"Ad hoc",0
10,1988,4,"Italy","IT",1,"Scheme",0
11,1988,4,"Italy","IT",2,"Individual application",0
12,1988,4,"Italy","IT",3,"Ad hoc",0
13,1988,5,"Luxembourg","LU",1,"Scheme",0
14,1988,5,"Luxembourg","LU",2,"Individual application",0
15,1988,5,"Luxembourg","LU",3,"Ad hoc",0
16,1988,6,"Netherlands","NL",1,"Scheme",0
17,1988,6,"Netherlands","NL",2,"Individual application",0
18,1988,6,"Netherlands","NL",3,"Ad hoc",0
19,1988,7,"Denmark","DK",1,"Scheme",0
20,1988,7,"Denmark","DK",2,"Individual application",0
21,1988,7,"Denmark","DK",3,"Ad hoc",0
22,1988,8,"Ireland","IE",1,"Scheme",0
23,1988,8,"Ireland","IE",2,"Individual application",0
24,1988,8,"Ireland","IE",3,"Ad hoc",0
25,1988,9,"United Kingdom","UK",1,"Scheme",0
26,1988,9,"United Kingdom","UK",2,"Individual application",0
27,1988,9,"United Kingdom","UK",3,"Ad hoc",0
28,1988,10,"Greece","EL",1,"Scheme",0
29,1988,10,"Greece","EL",2,"Individual application",0
30,1988,10,"Greece","EL",3,"Ad hoc",0
31,1988,11,"Portugal","PT",1,"Scheme",0
32,1988,11,"Portugal","PT",2,"Individual application",0
33,1988,11,"Portugal","PT",3,"Ad hoc",0
34,1988,12,"Spain","ES",1,"Scheme",0
35,1988,12,"Spain","ES",2,"Individual application",1
36,1988,12,"Spain","ES",3,"Ad hoc",0
37,1989,1,"Belgium","BE",1,"Scheme",0
38,1989,1,"Belgium","BE",2,"Individual application",0
39,1989,1,"Belgium","BE",3,"Ad hoc",0
40,1989,2,"France","FR",1,"Scheme",0
41,1989,2,"France","FR",2,"Individual application",0
42,1989,2,"France","FR",3,"Ad hoc",0
43,1989,3,"Germany","DE",1,"Scheme",0
44,1989,3,"Germany","DE",2,"Individual application",0
45,1989,3,"Germany","DE",3,"Ad hoc",0
46,1989,4,"Italy","IT",1,"Scheme",0
47,1989,4,"Italy","IT",2,"Individual application",0
48,1989,4,"Italy","IT",3,"Ad hoc",0
49,1989,5,"Luxembourg","LU",1,"Scheme",0
50,1989,5,"Luxembourg","LU",2,"Individual application",0
51,1989,5,"Luxembourg","LU",3,"Ad hoc",0
52,1989,6,"Netherlands","NL",1,"Scheme",0
53,1989,6,"Netherlands","NL",2,"Individual application",0
54,1989,6,"Netherlands","NL",3,"Ad hoc",0
55,1989,7,"Denmark","DK",1,"Scheme",0
56,1989,7,"Denmark","DK",2,"Individual application",0
57,1989,7,"Denmark","DK",3,"Ad hoc",0
58,1989,8,"Ireland","IE",1,"Scheme",0
59,1989,8,"Ireland","IE",2,"Individual application",0
60,1989,8,"Ireland","IE",3,"Ad hoc",0
61,1989,9,"United Kingdom","UK",1,"Scheme",0
62,1989,9,"United Kingdom","UK",2,"Individual application",0
63,1989,9,"United Kingdom","UK",3,"Ad hoc",0
64,1989,10,"Greece","EL",1,"Scheme",0
65,1989,10,"Greece","EL",2,"Individual application",0
66,1989,10,"Greece","EL",3,"Ad hoc",0
67,1989,11,"Portugal","PT",1,"Scheme",0
68,1989,11,"Portugal","PT",2,"Individual application",0
69,1989,11,"Portugal","PT",3,"Ad hoc",0
70,1989,12,"Spain","ES",1,"Scheme",0
71,1989,12,"Spain","ES",2,"Individual application",0
72,1989,12,"Spain","ES",3,"Ad hoc",0
73,1990,1,"Belgium","BE",1,"Scheme",0
74,1990,1,"Belgium","BE",2,"Individual application",0
75,1990,1,"Belgium","BE",3,"Ad hoc",0
76,1990,2,"France","FR",1,"Scheme",0
77,1990,2,"France","FR",2,"Individual application",0
78,1990,2,"France","FR",3,"Ad hoc",0
79,1990,3,"Germany","DE",1,"Scheme",0
80,1990,3,"Germany","DE",2,"Individual application",0
81,1990,3,"Germany","DE",3,"Ad hoc",0
82,1990,4,"Italy","IT",1,"Scheme",0
83,1990,4,"Italy","IT",2,"Individual application",0
84,1990,4,"Italy","IT",3,"Ad hoc",0
85,1990,5,"Luxembourg","LU",1,"Scheme",0
86,1990,5,"Luxembourg","LU",2,"Individual application",0
87,1990,5,"Luxembourg","LU",3,"Ad hoc",0
88,1990,6,"Netherlands","NL",1,"Scheme",0
89,1990,6,"Netherlands","NL",2,"Individual application",0
90,1990,6,"Netherlands","NL",3,"Ad hoc",0
91,1990,7,"Denmark","DK",1,"Scheme",0
92,1990,7,"Denmark","DK",2,"Individual application",0
93,1990,7,"Denmark","DK",3,"Ad hoc",0
94,1990,8,"Ireland","IE",1,"Scheme",0
95,1990,8,"Ireland","IE",2,"Individual application",0
96,1990,8,"Ireland","IE",3,"Ad hoc",0
97,1990,9,"United Kingdom","UK",1,"Scheme",0
98,1990,9,"United Kingdom","UK",2,"Individual application",0
99,1990,9,"United Kingdom","UK",3,"Ad hoc",0
100,1990,10,"Greece","EL",1,"Scheme",0
101,1990,10,"Greece","EL",2,"Individual application",0
102,1990,10,"Greece","EL",3,"Ad hoc",0
103,1990,11,"Portugal","PT",1,"Scheme",0
104,1990,11,"Portugal","PT",2,"Individual application",0
105,1990,11,"Portugal","PT",3,"Ad hoc",0
106,1990,12,"Spain","ES",1,"Scheme",0
107,1990,12,"Spain","ES",2,"Individual application",0
108,1990,12,"Spain","ES",3,"Ad hoc",0
109,1991,1,"Belgium","BE",1,"Scheme",0
110,1991,1,"Belgium","BE",2,"Individual application",0
111,1991,1,"Belgium","BE",3,"Ad hoc",0
112,1991,2,"France","FR",1,"Scheme",0
113,1991,2,"France","FR",2,"Individual application",0
114,1991,2,"France","FR",3,"Ad hoc",0
115,1991,3,"Germany","DE",1,"Scheme",0
116,1991,3,"Germany","DE",2,"Individual application",0
117,1991,3,"Germany","DE",3,"Ad hoc",0
118,1991,4,"Italy","IT",1,"Scheme",0
119,1991,4,"Italy","IT",2,"Individual application",0
120,1991,4,"Italy","IT",3,"Ad hoc",0
121,1991,5,"Luxembourg","LU",1,"Scheme",0
122,1991,5,"Luxembourg","LU",2,"Individual application",0
123,1991,5,"Luxembourg","LU",3,"Ad hoc",0
124,1991,6,"Netherlands","NL",1,"Scheme",0
125,1991,6,"Netherlands","NL",2,"Individual application",0
126,1991,6,"Netherlands","NL",3,"Ad hoc",0
127,1991,7,"Denmark","DK",1,"Scheme",0
128,1991,7,"Denmark","DK",2,"Individual application",0
129,1991,7,"Denmark","DK",3,"Ad hoc",0
130,1991,8,"Ireland","IE",1,"Scheme",0
131,1991,8,"Ireland","IE",2,"Individual application",0
132,1991,8,"Ireland","IE",3,"Ad hoc",0
133,1991,9,"United Kingdom","UK",1,"Scheme",0
134,1991,9,"United Kingdom","UK",2,"Individual application",0
135,1991,9,"United Kingdom","UK",3,"Ad hoc",0
136,1991,10,"Greece","EL",1,"Scheme",0
137,1991,10,"Greece","EL",2,"Individual application",0
138,1991,10,"Greece","EL",3,"Ad hoc",0
139,1991,11,"Portugal","PT",1,"Scheme",0
140,1991,11,"Portugal","PT",2,"Individual application",0
141,1991,11,"Portugal","PT",3,"Ad hoc",0
142,1991,12,"Spain","ES",1,"Scheme",0
143,1991,12,"Spain","ES",2,"Individual application",0
144,1991,12,"Spain","ES",3,"Ad hoc",0
145,1992,1,"Belgium","BE",1,"Scheme",0
146,1992,1,"Belgium","BE",2,"Individual application",0
147,1992,1,"Belgium","BE",3,"Ad hoc",0
148,1992,2,"France","FR",1,"Scheme",0
149,1992,2,"France","FR",2,"Individual application",0
150,1992,2,"France","FR",3,"Ad hoc",0
151,1992,3,"Germany","DE",1,"Scheme",0
152,1992,3,"Germany","DE",2,"Individual application",1
153,1992,3,"Germany","DE",3,"Ad hoc",0
154,1992,4,"Italy","IT",1,"Scheme",1
155,1992,4,"Italy","IT",2,"Individual application",0
156,1992,4,"Italy","IT",3,"Ad hoc",0
157,1992,5,"Luxembourg","LU",1,"Scheme",0
158,1992,5,"Luxembourg","LU",2,"Individual application",0
159,1992,5,"Luxembourg","LU",3,"Ad hoc",0
160,1992,6,"Netherlands","NL",1,"Scheme",0
161,1992,6,"Netherlands","NL",2,"Individual application",0
162,1992,6,"Netherlands","NL",3,"Ad hoc",0
163,1992,7,"Denmark","DK",1,"Scheme",0
164,1992,7,"Denmark","DK",2,"Individual application",0
165,1992,7,"Denmark","DK",3,"Ad hoc",0
166,1992,8,"Ireland","IE",1,"Scheme",0
167,1992,8,"Ireland","IE",2,"Individual application",0
168,1992,8,"Ireland","IE",3,"Ad hoc",0
169,1992,9,"United Kingdom","UK",1,"Scheme",0
170,1992,9,"United Kingdom","UK",2,"Individual application",0
171,1992,9,"United Kingdom","UK",3,"Ad hoc",0
172,1992,10,"Greece","EL",1,"Scheme",0
173,1992,10,"Greece","EL",2,"Individual application",0
174,1992,10,"Greece","EL",3,"Ad hoc",0
175,1992,11,"Portugal","PT",1,"Scheme",0
176,1992,11,"Portugal","PT",2,"Individual application",0
177,1992,11,"Portugal","PT",3,"Ad hoc",0
178,1992,12,"Spain","ES",1,"Scheme",0
179,1992,12,"Spain","ES",2,"Individual application",0
180,1992,12,"Spain","ES",3,"Ad hoc",0
181,1993,1,"Belgium","BE",1,"Scheme",1
182,1993,1,"Belgium","BE",2,"Individual application",0
183,1993,1,"Belgium","BE",3,"Ad hoc",0
184,1993,2,"France","FR",1,"Scheme",0
185,1993,2,"France","FR",2,"Individual application",0
186,1993,2,"France","FR",3,"Ad hoc",0
187,1993,3,"Germany","DE",1,"Scheme",0
188,1993,3,"Germany","DE",2,"Individual application",0
189,1993,3,"Germany","DE",3,"Ad hoc",0
190,1993,4,"Italy","IT",1,"Scheme",1
191,1993,4,"Italy","IT",2,"Individual application",0
192,1993,4,"Italy","IT",3,"Ad hoc",0
193,1993,5,"Luxembourg","LU",1,"Scheme",0
194,1993,5,"Luxembourg","LU",2,"Individual application",0
195,1993,5,"Luxembourg","LU",3,"Ad hoc",0
196,1993,6,"Netherlands","NL",1,"Scheme",0
197,1993,6,"Netherlands","NL",2,"Individual application",0
198,1993,6,"Netherlands","NL",3,"Ad hoc",0
199,1993,7,"Denmark","DK",1,"Scheme",0
200,1993,7,"Denmark","DK",2,"Individual application",0
201,1993,7,"Denmark","DK",3,"Ad hoc",0
202,1993,8,"Ireland","IE",1,"Scheme",0
203,1993,8,"Ireland","IE",2,"Individual application",0
204,1993,8,"Ireland","IE",3,"Ad hoc",0
205,1993,9,"United Kingdom","UK",1,"Scheme",0
206,1993,9,"United Kingdom","UK",2,"Individual application",0
207,1993,9,"United Kingdom","UK",3,"Ad hoc",0
208,1993,10,"Greece","EL",1,"Scheme",0
209,1993,10,"Greece","EL",2,"Individual application",0
210,1993,10,"Greece","EL",3,"Ad hoc",0
211,1993,11,"Portugal","PT",1,"Scheme",0
212,1993,11,"Portugal","PT",2,"Individual application",0
213,1993,11,"Portugal","PT",3,"Ad hoc",0
214,1993,12,"Spain","ES",1,"Scheme",1
215,1993,12,"Spain","ES",2,"Individual application",0
216,1993,12,"Spain","ES",3,"Ad hoc",0
217,1994,1,"Belgium","BE",1,"Scheme",0
218,1994,1,"Belgium","BE",2,"Individual application",0
219,1994,1,"Belgium","BE",3,"Ad hoc",0
220,1994,2,"France","FR",1,"Scheme",0
221,1994,2,"France","FR",2,"Individual application",0
222,1994,2,"France","FR",3,"Ad hoc",0
223,1994,3,"Germany","DE",1,"Scheme",0
224,1994,3,"Germany","DE",2,"Individual application",0
225,1994,3,"Germany","DE",3,"Ad hoc",0
226,1994,4,"Italy","IT",1,"Scheme",1
227,1994,4,"Italy","IT",2,"Individual application",0
228,1994,4,"Italy","IT",3,"Ad hoc",2
229,1994,5,"Luxembourg","LU",1,"Scheme",0
230,1994,5,"Luxembourg","LU",2,"Individual application",0
231,1994,5,"Luxembourg","LU",3,"Ad hoc",0
232,1994,6,"Netherlands","NL",1,"Scheme",0
233,1994,6,"Netherlands","NL",2,"Individual application",0
234,1994,6,"Netherlands","NL",3,"Ad hoc",0
235,1994,7,"Denmark","DK",1,"Scheme",0
236,1994,7,"Denmark","DK",2,"Individual application",0
237,1994,7,"Denmark","DK",3,"Ad hoc",0
238,1994,8,"Ireland","IE",1,"Scheme",0
239,1994,8,"Ireland","IE",2,"Individual application",0
240,1994,8,"Ireland","IE",3,"Ad hoc",0
241,1994,9,"United Kingdom","UK",1,"Scheme",0
242,1994,9,"United Kingdom","UK",2,"Individual application",0
243,1994,9,"United Kingdom","UK",3,"Ad hoc",0
244,1994,10,"Greece","EL",1,"Scheme",1
245,1994,10,"Greece","EL",2,"Individual application",0
246,1994,10,"Greece","EL",3,"Ad hoc",0
247,1994,11,"Portugal","PT",1,"Scheme",0
248,1994,11,"Portugal","PT",2,"Individual application",0
249,1994,11,"Portugal","PT",3,"Ad hoc",0
250,1994,12,"Spain","ES",1,"Scheme",0
251,1994,12,"Spain","ES",2,"Individual application",0
252,1994,12,"Spain","ES",3,"Ad hoc",0
253,1995,1,"Belgium","BE",1,"Scheme",1
254,1995,1,"Belgium","BE",2,"Individual application",0
255,1995,1,"Belgium","BE",3,"Ad hoc",0
256,1995,2,"France","FR",1,"Scheme",1
257,1995,2,"France","FR",2,"Individual application",0
258,1995,2,"France","FR",3,"Ad hoc",1
259,1995,3,"Germany","DE",1,"Scheme",2
260,1995,3,"Germany","DE",2,"Individual application",0
261,1995,3,"Germany","DE",3,"Ad hoc",0
262,1995,4,"Italy","IT",1,"Scheme",5
263,1995,4,"Italy","IT",2,"Individual application",0
264,1995,4,"Italy","IT",3,"Ad hoc",1
265,1995,5,"Luxembourg","LU",1,"Scheme",0
266,1995,5,"Luxembourg","LU",2,"Individual application",0
267,1995,5,"Luxembourg","LU",3,"Ad hoc",0
268,1995,6,"Netherlands","NL",1,"Scheme",1
269,1995,6,"Netherlands","NL",2,"Individual application",0
270,1995,6,"Netherlands","NL",3,"Ad hoc",0
271,1995,7,"Denmark","DK",1,"Scheme",0
272,1995,7,"Denmark","DK",2,"Individual application",0
273,1995,7,"Denmark","DK",3,"Ad hoc",0
274,1995,8,"Ireland","IE",1,"Scheme",0
275,1995,8,"Ireland","IE",2,"Individual application",0
276,1995,8,"Ireland","IE",3,"Ad hoc",0
277,1995,9,"United Kingdom","UK",1,"Scheme",2
278,1995,9,"United Kingdom","UK",2,"Individual application",0
279,1995,9,"United Kingdom","UK",3,"Ad hoc",0
280,1995,10,"Greece","EL",1,"Scheme",0
281,1995,10,"Greece","EL",2,"Individual application",0
282,1995,10,"Greece","EL",3,"Ad hoc",0
283,1995,11,"Portugal","PT",1,"Scheme",0
284,1995,11,"Portugal","PT",2,"Individual application",0
285,1995,11,"Portugal","PT",3,"Ad hoc",0
286,1995,12,"Spain","ES",1,"Scheme",0
287,1995,12,"Spain","ES",2,"Individual application",0
288,1995,12,"Spain","ES",3,"Ad hoc",2
289,1995,13,"Austria","AT",1,"Scheme",0
290,1995,13,"Austria","AT",2,"Individual application",0
291,1995,13,"Austria","AT",3,"Ad hoc",0
292,1995,14,"Finland","FI",1,"Scheme",1
293,1995,14,"Finland","FI",2,"Individual application",0
294,1995,14,"Finland","FI",3,"Ad hoc",0
295,1995,15,"Sweden","SE",1,"Scheme",0
296,1995,15,"Sweden","SE",2,"Individual application",0
297,1995,15,"Sweden","SE",3,"Ad hoc",0
298,1996,1,"Belgium","BE",1,"Scheme",0
299,1996,1,"Belgium","BE",2,"Individual application",0
300,1996,1,"Belgium","BE",3,"Ad hoc",0
301,1996,2,"France","FR",1,"Scheme",1
302,1996,2,"France","FR",2,"Individual application",1
303,1996,2,"France","FR",3,"Ad hoc",3
304,1996,3,"Germany","DE",1,"Scheme",1
305,1996,3,"Germany","DE",2,"Individual application",0
306,1996,3,"Germany","DE",3,"Ad hoc",1
307,1996,4,"Italy","IT",1,"Scheme",11
308,1996,4,"Italy","IT",2,"Individual application",0
309,1996,4,"Italy","IT",3,"Ad hoc",0
310,1996,5,"Luxembourg","LU",1,"Scheme",1
311,1996,5,"Luxembourg","LU",2,"Individual application",0
312,1996,5,"Luxembourg","LU",3,"Ad hoc",0
313,1996,6,"Netherlands","NL",1,"Scheme",1
314,1996,6,"Netherlands","NL",2,"Individual application",0
315,1996,6,"Netherlands","NL",3,"Ad hoc",0
316,1996,7,"Denmark","DK",1,"Scheme",1
317,1996,7,"Denmark","DK",2,"Individual application",0
318,1996,7,"Denmark","DK",3,"Ad hoc",0
319,1996,8,"Ireland","IE",1,"Scheme",0
320,1996,8,"Ireland","IE",2,"Individual application",0
321,1996,8,"Ireland","IE",3,"Ad hoc",0
322,1996,9,"United Kingdom","UK",1,"Scheme",0
323,1996,9,"United Kingdom","UK",2,"Individual application",0
324,1996,9,"United Kingdom","UK",3,"Ad hoc",0
325,1996,10,"Greece","EL",1,"Scheme",0
326,1996,10,"Greece","EL",2,"Individual application",0
327,1996,10,"Greece","EL",3,"Ad hoc",1
328,1996,11,"Portugal","PT",1,"Scheme",0
329,1996,11,"Portugal","PT",2,"Individual application",0
330,1996,11,"Portugal","PT",3,"Ad hoc",0
331,1996,12,"Spain","ES",1,"Scheme",1
332,1996,12,"Spain","ES",2,"Individual application",0
333,1996,12,"Spain","ES",3,"Ad hoc",0
334,1996,13,"Austria","AT",1,"Scheme",1
335,1996,13,"Austria","AT",2,"Individual application",0
336,1996,13,"Austria","AT",3,"Ad hoc",0
337,1996,14,"Finland","FI",1,"Scheme",0
338,1996,14,"Finland","FI",2,"Individual application",0
339,1996,14,"Finland","FI",3,"Ad hoc",0
340,1996,15,"Sweden","SE",1,"Scheme",1
341,1996,15,"Sweden","SE",2,"Individual application",0
342,1996,15,"Sweden","SE",3,"Ad hoc",0
343,1997,1,"Belgium","BE",1,"Scheme",0
344,1997,1,"Belgium","BE",2,"Individual application",0
345,1997,1,"Belgium","BE",3,"Ad hoc",0
346,1997,2,"France","FR",1,"Scheme",3
347,1997,2,"France","FR",2,"Individual application",0
348,1997,2,"France","FR",3,"Ad hoc",2
349,1997,3,"Germany","DE",1,"Scheme",5
350,1997,3,"Germany","DE",2,"Individual application",0
351,1997,3,"Germany","DE",3,"Ad hoc",20
352,1997,4,"Italy","IT",1,"Scheme",19
353,1997,4,"Italy","IT",2,"Individual application",1
354,1997,4,"Italy","IT",3,"Ad hoc",2
355,1997,5,"Luxembourg","LU",1,"Scheme",0
356,1997,5,"Luxembourg","LU",2,"Individual application",0
357,1997,5,"Luxembourg","LU",3,"Ad hoc",0
358,1997,6,"Netherlands","NL",1,"Scheme",2
359,1997,6,"Netherlands","NL",2,"Individual application",0
360,1997,6,"Netherlands","NL",3,"Ad hoc",0
361,1997,7,"Denmark","DK",1,"Scheme",0
362,1997,7,"Denmark","DK",2,"Individual application",0
363,1997,7,"Denmark","DK",3,"Ad hoc",0
364,1997,8,"Ireland","IE",1,"Scheme",1
365,1997,8,"Ireland","IE",2,"Individual application",0
366,1997,8,"Ireland","IE",3,"Ad hoc",0
367,1997,9,"United Kingdom","UK",1,"Scheme",0
368,1997,9,"United Kingdom","UK",2,"Individual application",0
369,1997,9,"United Kingdom","UK",3,"Ad hoc",0
370,1997,10,"Greece","EL",1,"Scheme",3
371,1997,10,"Greece","EL",2,"Individual application",1
372,1997,10,"Greece","EL",3,"Ad hoc",0
373,1997,11,"Portugal","PT",1,"Scheme",3
374,1997,11,"Portugal","PT",2,"Individual application",0
375,1997,11,"Portugal","PT",3,"Ad hoc",0
376,1997,12,"Spain","ES",1,"Scheme",4
377,1997,12,"Spain","ES",2,"Individual application",4
378,1997,12,"Spain","ES",3,"Ad hoc",3
379,1997,13,"Austria","AT",1,"Scheme",1
380,1997,13,"Austria","AT",2,"Individual application",0
381,1997,13,"Austria","AT",3,"Ad hoc",0
382,1997,14,"Finland","FI",1,"Scheme",0
383,1997,14,"Finland","FI",2,"Individual application",0
384,1997,14,"Finland","FI",3,"Ad hoc",0
385,1997,15,"Sweden","SE",1,"Scheme",2
386,1997,15,"Sweden","SE",2,"Individual application",0
387,1997,15,"Sweden","SE",3,"Ad hoc",0
388,1998,1,"Belgium","BE",1,"Scheme",6
389,1998,1,"Belgium","BE",2,"Individual application",2
390,1998,1,"Belgium","BE",3,"Ad hoc",1
391,1998,2,"France","FR",1,"Scheme",6
392,1998,2,"France","FR",2,"Individual application",1
393,1998,2,"France","FR",3,"Ad hoc",4
394,1998,3,"Germany","DE",1,"Scheme",39
395,1998,3,"Germany","DE",2,"Individual application",7
396,1998,3,"Germany","DE",3,"Ad hoc",24
397,1998,4,"Italy","IT",1,"Scheme",65
398,1998,4,"Italy","IT",2,"Individual application",3
399,1998,4,"Italy","IT",3,"Ad hoc",9
400,1998,5,"Luxembourg","LU",1,"Scheme",1
401,1998,5,"Luxembourg","LU",2,"Individual application",0
402,1998,5,"Luxembourg","LU",3,"Ad hoc",0
403,1998,6,"Netherlands","NL",1,"Scheme",23
404,1998,6,"Netherlands","NL",2,"Individual application",1
405,1998,6,"Netherlands","NL",3,"Ad hoc",5
406,1998,7,"Denmark","DK",1,"Scheme",9
407,1998,7,"Denmark","DK",2,"Individual application",0
408,1998,7,"Denmark","DK",3,"Ad hoc",0
409,1998,8,"Ireland","IE",1,"Scheme",6
410,1998,8,"Ireland","IE",2,"Individual application",0
411,1998,8,"Ireland","IE",3,"Ad hoc",1
412,1998,9,"United Kingdom","UK",1,"Scheme",9
413,1998,9,"United Kingdom","UK",2,"Individual application",0
414,1998,9,"United Kingdom","UK",3,"Ad hoc",2
415,1998,10,"Greece","EL",1,"Scheme",9
416,1998,10,"Greece","EL",2,"Individual application",1
417,1998,10,"Greece","EL",3,"Ad hoc",0
418,1998,11,"Portugal","PT",1,"Scheme",4
419,1998,11,"Portugal","PT",2,"Individual application",3
420,1998,11,"Portugal","PT",3,"Ad hoc",0
421,1998,12,"Spain","ES",1,"Scheme",29
422,1998,12,"Spain","ES",2,"Individual application",1
423,1998,12,"Spain","ES",3,"Ad hoc",3
424,1998,13,"Austria","AT",1,"Scheme",8
425,1998,13,"Austria","AT",2,"Individual application",0
426,1998,13,"Austria","AT",3,"Ad hoc",2
427,1998,14,"Finland","FI",1,"Scheme",5
428,1998,14,"Finland","FI",2,"Individual application",0
429,1998,14,"Finland","FI",3,"Ad hoc",0
430,1998,15,"Sweden","SE",1,"Scheme",3
431,1998,15,"Sweden","SE",2,"Individual application",0
432,1998,15,"Sweden","SE",3,"Ad hoc",0
433,1999,1,"Belgium","BE",1,"Scheme",49
434,1999,1,"Belgium","BE",2,"Individual application",2
435,1999,1,"Belgium","BE",3,"Ad hoc",4
436,1999,2,"France","FR",1,"Scheme",36
437,1999,2,"France","FR",2,"Individual application",4
438,1999,2,"France","FR",3,"Ad hoc",3
439,1999,3,"Germany","DE",1,"Scheme",103
440,1999,3,"Germany","DE",2,"Individual application",7
441,1999,3,"Germany","DE",3,"Ad hoc",23
442,1999,4,"Italy","IT",1,"Scheme",99
443,1999,4,"Italy","IT",2,"Individual application",15
444,1999,4,"Italy","IT",3,"Ad hoc",16
445,1999,5,"Luxembourg","LU",1,"Scheme",5
446,1999,5,"Luxembourg","LU",2,"Individual application",0
447,1999,5,"Luxembourg","LU",3,"Ad hoc",0
448,1999,6,"Netherlands","NL",1,"Scheme",50
449,1999,6,"Netherlands","NL",2,"Individual application",3
450,1999,6,"Netherlands","NL",3,"Ad hoc",3
451,1999,7,"Denmark","DK",1,"Scheme",21
452,1999,7,"Denmark","DK",2,"Individual application",0
453,1999,7,"Denmark","DK",3,"Ad hoc",0
454,1999,8,"Ireland","IE",1,"Scheme",14
455,1999,8,"Ireland","IE",2,"Individual application",0
456,1999,8,"Ireland","IE",3,"Ad hoc",1
457,1999,9,"United Kingdom","UK",1,"Scheme",39
458,1999,9,"United Kingdom","UK",2,"Individual application",2
459,1999,9,"United Kingdom","UK",3,"Ad hoc",1
460,1999,10,"Greece","EL",1,"Scheme",7
461,1999,10,"Greece","EL",2,"Individual application",2
462,1999,10,"Greece","EL",3,"Ad hoc",1
463,1999,11,"Portugal","PT",1,"Scheme",17
464,1999,11,"Portugal","PT",2,"Individual application",0
465,1999,11,"Portugal","PT",3,"Ad hoc",2
466,1999,12,"Spain","ES",1,"Scheme",107
467,1999,12,"Spain","ES",2,"Individual application",9
468,1999,12,"Spain","ES",3,"Ad hoc",8
469,1999,13,"Austria","AT",1,"Scheme",36
470,1999,13,"Austria","AT",2,"Individual application",0
471,1999,13,"Austria","AT",3,"Ad hoc",1
472,1999,14,"Finland","FI",1,"Scheme",15
473,1999,14,"Finland","FI",2,"Individual application",0
474,1999,14,"Finland","FI",3,"Ad hoc",0
475,1999,15,"Sweden","SE",1,"Scheme",14
476,1999,15,"Sweden","SE",2,"Individual application",0
477,1999,15,"Sweden","SE",3,"Ad hoc",0
478,2000,1,"Belgium","BE",1,"Scheme",24
479,2000,1,"Belgium","BE",2,"Individual application",0
480,2000,1,"Belgium","BE",3,"Ad hoc",3
481,2000,2,"France","FR",1,"Scheme",77
482,2000,2,"France","FR",2,"Individual application",1
483,2000,2,"France","FR",3,"Ad hoc",3
484,2000,3,"Germany","DE",1,"Scheme",86
485,2000,3,"Germany","DE",2,"Individual application",19
486,2000,3,"Germany","DE",3,"Ad hoc",20
487,2000,4,"Italy","IT",1,"Scheme",87
488,2000,4,"Italy","IT",2,"Individual application",4
489,2000,4,"Italy","IT",3,"Ad hoc",8
490,2000,5,"Luxembourg","LU",1,"Scheme",3
491,2000,5,"Luxembourg","LU",2,"Individual application",0
492,2000,5,"Luxembourg","LU",3,"Ad hoc",0
493,2000,6,"Netherlands","NL",1,"Scheme",43
494,2000,6,"Netherlands","NL",2,"Individual application",1
495,2000,6,"Netherlands","NL",3,"Ad hoc",9
496,2000,7,"Denmark","DK",1,"Scheme",24
497,2000,7,"Denmark","DK",2,"Individual application",0
498,2000,7,"Denmark","DK",3,"Ad hoc",1
499,2000,8,"Ireland","IE",1,"Scheme",34
500,2000,8,"Ireland","IE",2,"Individual application",0
501,2000,8,"Ireland","IE",3,"Ad hoc",1
502,2000,9,"United Kingdom","UK",1,"Scheme",28
503,2000,9,"United Kingdom","UK",2,"Individual application",4
504,2000,9,"United Kingdom","UK",3,"Ad hoc",0
505,2000,10,"Greece","EL",1,"Scheme",16
506,2000,10,"Greece","EL",2,"Individual application",1
507,2000,10,"Greece","EL",3,"Ad hoc",2
508,2000,11,"Portugal","PT",1,"Scheme",17
509,2000,11,"Portugal","PT",2,"Individual application",1
510,2000,11,"Portugal","PT",3,"Ad hoc",3
511,2000,12,"Spain","ES",1,"Scheme",125
512,2000,12,"Spain","ES",2,"Individual application",5
513,2000,12,"Spain","ES",3,"Ad hoc",3
514,2000,13,"Austria","AT",1,"Scheme",22
515,2000,13,"Austria","AT",2,"Individual application",4
516,2000,13,"Austria","AT",3,"Ad hoc",4
517,2000,14,"Finland","FI",1,"Scheme",25
518,2000,14,"Finland","FI",2,"Individual application",1
519,2000,14,"Finland","FI",3,"Ad hoc",1
520,2000,15,"Sweden","SE",1,"Scheme",11
521,2000,15,"Sweden","SE",2,"Individual application",0
522,2000,15,"Sweden","SE",3,"Ad hoc",0
523,2001,1,"Belgium","BE",1,"Scheme",25
524,2001,1,"Belgium","BE",2,"Individual application",0
525,2001,1,"Belgium","BE",3,"Ad hoc",5
526,2001,2,"France","FR",1,"Scheme",84
527,2001,2,"France","FR",2,"Individual application",3
528,2001,2,"France","FR",3,"Ad hoc",6
529,2001,3,"Germany","DE",1,"Scheme",146
530,2001,3,"Germany","DE",2,"Individual application",7
531,2001,3,"Germany","DE",3,"Ad hoc",23
532,2001,4,"Italy","IT",1,"Scheme",169
533,2001,4,"Italy","IT",2,"Individual application",3
534,2001,4,"Italy","IT",3,"Ad hoc",5
535,2001,5,"Luxembourg","LU",1,"Scheme",5
536,2001,5,"Luxembourg","LU",2,"Individual application",0
537,2001,5,"Luxembourg","LU",3,"Ad hoc",0
538,2001,6,"Netherlands","NL",1,"Scheme",47
539,2001,6,"Netherlands","NL",2,"Individual application",2
540,2001,6,"Netherlands","NL",3,"Ad hoc",9
541,2001,7,"Denmark","DK",1,"Scheme",26
542,2001,7,"Denmark","DK",2,"Individual application",0
543,2001,7,"Denmark","DK",3,"Ad hoc",0
544,2001,8,"Ireland","IE",1,"Scheme",19
545,2001,8,"Ireland","IE",2,"Individual application",2
546,2001,8,"Ireland","IE",3,"Ad hoc",1
547,2001,9,"United Kingdom","UK",1,"Scheme",65
548,2001,9,"United Kingdom","UK",2,"Individual application",1
549,2001,9,"United Kingdom","UK",3,"Ad hoc",5
550,2001,10,"Greece","EL",1,"Scheme",15
551,2001,10,"Greece","EL",2,"Individual application",2
552,2001,10,"Greece","EL",3,"Ad hoc",0
553,2001,11,"Portugal","PT",1,"Scheme",19
554,2001,11,"Portugal","PT",2,"Individual application",1
555,2001,11,"Portugal","PT",3,"Ad hoc",5
556,2001,12,"Spain","ES",1,"Scheme",129
557,2001,12,"Spain","ES",2,"Individual application",7
558,2001,12,"Spain","ES",3,"Ad hoc",11
559,2001,13,"Austria","AT",1,"Scheme",39
560,2001,13,"Austria","AT",2,"Individual application",2
561,2001,13,"Austria","AT",3,"Ad hoc",3
562,2001,14,"Finland","FI",1,"Scheme",10
563,2001,14,"Finland","FI",2,"Individual application",1
564,2001,14,"Finland","FI",3,"Ad hoc",0
565,2001,15,"Sweden","SE",1,"Scheme",14
566,2001,15,"Sweden","SE",2,"Individual application",0
567,2001,15,"Sweden","SE",3,"Ad hoc",1
568,2002,1,"Belgium","BE",1,"Scheme",22
569,2002,1,"Belgium","BE",2,"Individual application",0
570,2002,1,"Belgium","BE",3,"Ad hoc",5
571,2002,2,"France","FR",1,"Scheme",89
572,2002,2,"France","FR",2,"Individual application",4
573,2002,2,"France","FR",3,"Ad hoc",5
574,2002,3,"Germany","DE",1,"Scheme",151
575,2002,3,"Germany","DE",2,"Individual application",21
576,2002,3,"Germany","DE",3,"Ad hoc",27
577,2002,4,"Italy","IT",1,"Scheme",195
578,2002,4,"Italy","IT",2,"Individual application",1
579,2002,4,"Italy","IT",3,"Ad hoc",8
580,2002,5,"Luxembourg","LU",1,"Scheme",3
581,2002,5,"Luxembourg","LU",2,"Individual application",0
582,2002,5,"Luxembourg","LU",3,"Ad hoc",1
583,2002,6,"Netherlands","NL",1,"Scheme",48
584,2002,6,"Netherlands","NL",2,"Individual application",2
585,2002,6,"Netherlands","NL",3,"Ad hoc",9
586,2002,7,"Denmark","DK",1,"Scheme",16
587,2002,7,"Denmark","DK",2,"Individual application",0
588,2002,7,"Denmark","DK",3,"Ad hoc",1
589,2002,8,"Ireland","IE",1,"Scheme",15
590,2002,8,"Ireland","IE",2,"Individual application",0
591,2002,8,"Ireland","IE",3,"Ad hoc",0
592,2002,9,"United Kingdom","UK",1,"Scheme",105
593,2002,9,"United Kingdom","UK",2,"Individual application",3
594,2002,9,"United Kingdom","UK",3,"Ad hoc",8
595,2002,10,"Greece","EL",1,"Scheme",17
596,2002,10,"Greece","EL",2,"Individual application",0
597,2002,10,"Greece","EL",3,"Ad hoc",6
598,2002,11,"Portugal","PT",1,"Scheme",19
599,2002,11,"Portugal","PT",2,"Individual application",4
600,2002,11,"Portugal","PT",3,"Ad hoc",1
601,2002,12,"Spain","ES",1,"Scheme",107
602,2002,12,"Spain","ES",2,"Individual application",5
603,2002,12,"Spain","ES",3,"Ad hoc",13
604,2002,13,"Austria","AT",1,"Scheme",23
605,2002,13,"Austria","AT",2,"Individual application",1
606,2002,13,"Austria","AT",3,"Ad hoc",2
607,2002,14,"Finland","FI",1,"Scheme",13
608,2002,14,"Finland","FI",2,"Individual application",0
609,2002,14,"Finland","FI",3,"Ad hoc",2
610,2002,15,"Sweden","SE",1,"Scheme",10
611,2002,15,"Sweden","SE",2,"Individual application",0
612,2002,15,"Sweden","SE",3,"Ad hoc",2
613,2003,1,"Belgium","BE",1,"Scheme",29
614,2003,1,"Belgium","BE",2,"Individual application",2
615,2003,1,"Belgium","BE",3,"Ad hoc",7
616,2003,2,"France","FR",1,"Scheme",58
617,2003,2,"France","FR",2,"Individual application",5
618,2003,2,"France","FR",3,"Ad hoc",19
619,2003,3,"Germany","DE",1,"Scheme",101
620,2003,3,"Germany","DE",2,"Individual application",12
621,2003,3,"Germany","DE",3,"Ad hoc",22
622,2003,4,"Italy","IT",1,"Scheme",198
623,2003,4,"Italy","IT",2,"Individual application",5
624,2003,4,"Italy","IT",3,"Ad hoc",13
625,2003,5,"Luxembourg","LU",1,"Scheme",2
626,2003,5,"Luxembourg","LU",2,"Individual application",0
627,2003,5,"Luxembourg","LU",3,"Ad hoc",0
628,2003,6,"Netherlands","NL",1,"Scheme",42
629,2003,6,"Netherlands","NL",2,"Individual application",3
630,2003,6,"Netherlands","NL",3,"Ad hoc",8
631,2003,7,"Denmark","DK",1,"Scheme",15
632,2003,7,"Denmark","DK",2,"Individual application",0
633,2003,7,"Denmark","DK",3,"Ad hoc",2
634,2003,8,"Ireland","IE",1,"Scheme",10
635,2003,8,"Ireland","IE",2,"Individual application",0
636,2003,8,"Ireland","IE",3,"Ad hoc",0
637,2003,9,"United Kingdom","UK",1,"Scheme",121
638,2003,9,"United Kingdom","UK",2,"Individual application",2
639,2003,9,"United Kingdom","UK",3,"Ad hoc",7
640,2003,10,"Greece","EL",1,"Scheme",14
641,2003,10,"Greece","EL",2,"Individual application",0
642,2003,10,"Greece","EL",3,"Ad hoc",4
643,2003,11,"Portugal","PT",1,"Scheme",11
644,2003,11,"Portugal","PT",2,"Individual application",0
645,2003,11,"Portugal","PT",3,"Ad hoc",2
646,2003,12,"Spain","ES",1,"Scheme",66
647,2003,12,"Spain","ES",2,"Individual application",1
648,2003,12,"Spain","ES",3,"Ad hoc",9
649,2003,13,"Austria","AT",1,"Scheme",16
650,2003,13,"Austria","AT",2,"Individual application",1
651,2003,13,"Austria","AT",3,"Ad hoc",0
652,2003,14,"Finland","FI",1,"Scheme",11
653,2003,14,"Finland","FI",2,"Individual application",0
654,2003,14,"Finland","FI",3,"Ad hoc",0
655,2003,15,"Sweden","SE",1,"Scheme",11
656,2003,15,"Sweden","SE",2,"Individual application",0
657,2003,15,"Sweden","SE",3,"Ad hoc",1
658,2004,1,"Belgium","BE",1,"Scheme",40
659,2004,1,"Belgium","BE",2,"Individual application",3
660,2004,1,"Belgium","BE",3,"Ad hoc",3
661,2004,2,"France","FR",1,"Scheme",57
662,2004,2,"France","FR",2,"Individual application",6
663,2004,2,"France","FR",3,"Ad hoc",6
664,2004,3,"Germany","DE",1,"Scheme",103
665,2004,3,"Germany","DE",2,"Individual application",3
666,2004,3,"Germany","DE",3,"Ad hoc",15
667,2004,4,"Italy","IT",1,"Scheme",238
668,2004,4,"Italy","IT",2,"Individual application",2
669,2004,4,"Italy","IT",3,"Ad hoc",11
670,2004,5,"Luxembourg","LU",1,"Scheme",5
671,2004,5,"Luxembourg","LU",2,"Individual application",0
672,2004,5,"Luxembourg","LU",3,"Ad hoc",0
673,2004,6,"Netherlands","NL",1,"Scheme",33
674,2004,6,"Netherlands","NL",2,"Individual application",2
675,2004,6,"Netherlands","NL",3,"Ad hoc",7
676,2004,7,"Denmark","DK",1,"Scheme",22
677,2004,7,"Denmark","DK",2,"Individual application",0
678,2004,7,"Denmark","DK",3,"Ad hoc",1
679,2004,8,"Ireland","IE",1,"Scheme",18
680,2004,8,"Ireland","IE",2,"Individual application",1
681,2004,8,"Ireland","IE",3,"Ad hoc",2
682,2004,9,"United Kingdom","UK",1,"Scheme",109
683,2004,9,"United Kingdom","UK",2,"Individual application",0
684,2004,9,"United Kingdom","UK",3,"Ad hoc",3
685,2004,10,"Greece","EL",1,"Scheme",16
686,2004,10,"Greece","EL",2,"Individual application",0
687,2004,10,"Greece","EL",3,"Ad hoc",1
688,2004,11,"Portugal","PT",1,"Scheme",5
689,2004,11,"Portugal","PT",2,"Individual application",4
690,2004,11,"Portugal","PT",3,"Ad hoc",3
691,2004,12,"Spain","ES",1,"Scheme",70
692,2004,12,"Spain","ES",2,"Individual application",1
693,2004,12,"Spain","ES",3,"Ad hoc",3
694,2004,13,"Austria","AT",1,"Scheme",23
695,2004,13,"Austria","AT",2,"Individual application",0
696,2004,13,"Austria","AT",3,"Ad hoc",0
697,2004,14,"Finland","FI",1,"Scheme",13
698,2004,14,"Finland","FI",2,"Individual application",0
699,2004,14,"Finland","FI",3,"Ad hoc",1
700,2004,15,"Sweden","SE",1,"Scheme",8
701,2004,15,"Sweden","SE",2,"Individual application",1
702,2004,15,"Sweden","SE",3,"Ad hoc",0
703,2004,16,"Cyprus","CY",1,"Scheme",2
704,2004,16,"Cyprus","CY",2,"Individual application",0
705,2004,16,"Cyprus","CY",3,"Ad hoc",0
706,2004,17,"Czech Republic","CZ",1,"Scheme",16
707,2004,17,"Czech Republic","CZ",2,"Individual application",2
708,2004,17,"Czech Republic","CZ",3,"Ad hoc",3
709,2004,18,"Estonia","EE",1,"Scheme",6
710,2004,18,"Estonia","EE",2,"Individual application",0
711,2004,18,"Estonia","EE",3,"Ad hoc",0
712,2004,19,"Hungary","HU",1,"Scheme",7
713,2004,19,"Hungary","HU",2,"Individual application",0
714,2004,19,"Hungary","HU",3,"Ad hoc",0
715,2004,20,"Latvia","LV",1,"Scheme",3
716,2004,20,"Latvia","LV",2,"Individual application",1
717,2004,20,"Latvia","LV",3,"Ad hoc",1
718,2004,21,"Lithuania","LT",1,"Scheme",3
719,2004,21,"Lithuania","LT",2,"Individual application",0
720,2004,21,"Lithuania","LT",3,"Ad hoc",1
721,2004,22,"Malta","MT",1,"Scheme",2
722,2004,22,"Malta","MT",2,"Individual application",0
723,2004,22,"Malta","MT",3,"Ad hoc",0
724,2004,23,"Poland","PL",1,"Scheme",25
725,2004,23,"Poland","PL",2,"Individual application",2
726,2004,23,"Poland","PL",3,"Ad hoc",6
727,2004,24,"Slovakia","SK",1,"Scheme",2
728,2004,24,"Slovakia","SK",2,"Individual application",2
729,2004,24,"Slovakia","SK",3,"Ad hoc",1
730,2004,25,"Slovenia","SI",1,"Scheme",4
731,2004,25,"Slovenia","SI",2,"Individual application",0
732,2004,25,"Slovenia","SI",3,"Ad hoc",2
733,2005,1,"Belgium","BE",1,"Scheme",14
734,2005,1,"Belgium","BE",2,"Individual application",0
735,2005,1,"Belgium","BE",3,"Ad hoc",2
736,2005,2,"France","FR",1,"Scheme",53
737,2005,2,"France","FR",2,"Individual application",2
738,2005,2,"France","FR",3,"Ad hoc",5
739,2005,3,"Germany","DE",1,"Scheme",88
740,2005,3,"Germany","DE",2,"Individual application",7
741,2005,3,"Germany","DE",3,"Ad hoc",8
742,2005,4,"Italy","IT",1,"Scheme",174
743,2005,4,"Italy","IT",2,"Individual application",1
744,2005,4,"Italy","IT",3,"Ad hoc",6
745,2005,5,"Luxembourg","LU",1,"Scheme",1
746,2005,5,"Luxembourg","LU",2,"Individual application",0
747,2005,5,"Luxembourg","LU",3,"Ad hoc",0
748,2005,6,"Netherlands","NL",1,"Scheme",58
749,2005,6,"Netherlands","NL",2,"Individual application",5
750,2005,6,"Netherlands","NL",3,"Ad hoc",3
751,2005,7,"Denmark","DK",1,"Scheme",18
752,2005,7,"Denmark","DK",2,"Individual application",1
753,2005,7,"Denmark","DK",3,"Ad hoc",2
754,2005,8,"Ireland","IE",1,"Scheme",10
755,2005,8,"Ireland","IE",2,"Individual application",2
756,2005,8,"Ireland","IE",3,"Ad hoc",2
757,2005,9,"United Kingdom","UK",1,"Scheme",137
758,2005,9,"United Kingdom","UK",2,"Individual application",5
759,2005,9,"United Kingdom","UK",3,"Ad hoc",4
760,2005,10,"Greece","EL",1,"Scheme",18
761,2005,10,"Greece","EL",2,"Individual application",0
762,2005,10,"Greece","EL",3,"Ad hoc",2
763,2005,11,"Portugal","PT",1,"Scheme",7
764,2005,11,"Portugal","PT",2,"Individual application",3
765,2005,11,"Portugal","PT",3,"Ad hoc",1
766,2005,12,"Spain","ES",1,"Scheme",86
767,2005,12,"Spain","ES",2,"Individual application",0
768,2005,12,"Spain","ES",3,"Ad hoc",3
769,2005,13,"Austria","AT",1,"Scheme",20
770,2005,13,"Austria","AT",2,"Individual application",2
771,2005,13,"Austria","AT",3,"Ad hoc",1
772,2005,14,"Finland","FI",1,"Scheme",10
773,2005,14,"Finland","FI",2,"Individual application",0
774,2005,14,"Finland","FI",3,"Ad hoc",1
775,2005,15,"Sweden","SE",1,"Scheme",14
776,2005,15,"Sweden","SE",2,"Individual application",1
777,2005,15,"Sweden","SE",3,"Ad hoc",2
778,2005,16,"Cyprus","CY",1,"Scheme",6
779,2005,16,"Cyprus","CY",2,"Individual application",0
780,2005,16,"Cyprus","CY",3,"Ad hoc",0
781,2005,17,"Czech Republic","CZ",1,"Scheme",37
782,2005,17,"Czech Republic","CZ",2,"Individual application",0
783,2005,17,"Czech Republic","CZ",3,"Ad hoc",0
784,2005,18,"Estonia","EE",1,"Scheme",15
785,2005,18,"Estonia","EE",2,"Individual application",0
786,2005,18,"Estonia","EE",3,"Ad hoc",0
787,2005,19,"Hungary","HU",1,"Scheme",16
788,2005,19,"Hungary","HU",2,"Individual application",1
789,2005,19,"Hungary","HU",3,"Ad hoc",1
790,2005,20,"Latvia","LV",1,"Scheme",21
791,2005,20,"Latvia","LV",2,"Individual application",0
792,2005,20,"Latvia","LV",3,"Ad hoc",2
793,2005,21,"Lithuania","LT",1,"Scheme",19
794,2005,21,"Lithuania","LT",2,"Individual application",1
795,2005,21,"Lithuania","LT",3,"Ad hoc",2
796,2005,22,"Malta","MT",1,"Scheme",11
797,2005,22,"Malta","MT",2,"Individual application",0
798,2005,22,"Malta","MT",3,"Ad hoc",0
799,2005,23,"Poland","PL",1,"Scheme",65
800,2005,23,"Poland","PL",2,"Individual application",6
801,2005,23,"Poland","PL",3,"Ad hoc",6
802,2005,24,"Slovakia","SK",1,"Scheme",9
803,2005,24,"Slovakia","SK",2,"Individual application",4
804,2005,24,"Slovakia","SK",3,"Ad hoc",10
805,2005,25,"Slovenia","SI",1,"Scheme",2
806,2005,25,"Slovenia","SI",2,"Individual application",0
807,2005,25,"Slovenia","SI",3,"Ad hoc",0
808,2006,1,"Belgium","BE",1,"Scheme",20
809,2006,1,"Belgium","BE",2,"Individual application",1
810,2006,1,"Belgium","BE",3,"Ad hoc",2
811,2006,2,"France","FR",1,"Scheme",77
812,2006,2,"France","FR",2,"Individual application",14
813,2006,2,"France","FR",3,"Ad hoc",9
814,2006,3,"Germany","DE",1,"Scheme",84
815,2006,3,"Germany","DE",2,"Individual application",13
816,2006,3,"Germany","DE",3,"Ad hoc",20
817,2006,4,"Italy","IT",1,"Scheme",178
818,2006,4,"Italy","IT",2,"Individual application",17
819,2006,4,"Italy","IT",3,"Ad hoc",22
820,2006,5,"Luxembourg","LU",1,"Scheme",1
821,2006,5,"Luxembourg","LU",2,"Individual application",0
822,2006,5,"Luxembourg","LU",3,"Ad hoc",0
823,2006,6,"Netherlands","NL",1,"Scheme",50
824,2006,6,"Netherlands","NL",2,"Individual application",12
825,2006,6,"Netherlands","NL",3,"Ad hoc",24
826,2006,7,"Denmark","DK",1,"Scheme",15
827,2006,7,"Denmark","DK",2,"Individual application",2
828,2006,7,"Denmark","DK",3,"Ad hoc",1
829,2006,8,"Ireland","IE",1,"Scheme",17
830,2006,8,"Ireland","IE",2,"Individual application",0
831,2006,8,"Ireland","IE",3,"Ad hoc",1
832,2006,9,"United Kingdom","UK",1,"Scheme",82
833,2006,9,"United Kingdom","UK",2,"Individual application",5
834,2006,9,"United Kingdom","UK",3,"Ad hoc",29
835,2006,10,"Greece","EL",1,"Scheme",13
836,2006,10,"Greece","EL",2,"Individual application",0
837,2006,10,"Greece","EL",3,"Ad hoc",0
838,2006,11,"Portugal","PT",1,"Scheme",4
839,2006,11,"Portugal","PT",2,"Individual application",3
840,2006,11,"Portugal","PT",3,"Ad hoc",6
841,2006,12,"Spain","ES",1,"Scheme",89
842,2006,12,"Spain","ES",2,"Individual application",3
843,2006,12,"Spain","ES",3,"Ad hoc",4
844,2006,13,"Austria","AT",1,"Scheme",29
845,2006,13,"Austria","AT",2,"Individual application",2
846,2006,13,"Austria","AT",3,"Ad hoc",4
847,2006,14,"Finland","FI",1,"Scheme",14
848,2006,14,"Finland","FI",2,"Individual application",1
849,2006,14,"Finland","FI",3,"Ad hoc",2
850,2006,15,"Sweden","SE",1,"Scheme",13
851,2006,15,"Sweden","SE",2,"Individual application",2
852,2006,15,"Sweden","SE",3,"Ad hoc",0
853,2006,16,"Cyprus","CY",1,"Scheme",20
854,2006,16,"Cyprus","CY",2,"Individual application",0
855,2006,16,"Cyprus","CY",3,"Ad hoc",1
856,2006,17,"Czech Republic","CZ",1,"Scheme",47
857,2006,17,"Czech Republic","CZ",2,"Individual application",3
858,2006,17,"Czech Republic","CZ",3,"Ad hoc",7
859,2006,18,"Estonia","EE",1,"Scheme",12
860,2006,18,"Estonia","EE",2,"Individual application",0
861,2006,18,"Estonia","EE",3,"Ad hoc",3
862,2006,19,"Hungary","HU",1,"Scheme",24
863,2006,19,"Hungary","HU",2,"Individual application",2
864,2006,19,"Hungary","HU",3,"Ad hoc",0
865,2006,20,"Latvia","LV",1,"Scheme",15
866,2006,20,"Latvia","LV",2,"Individual application",1
867,2006,20,"Latvia","LV",3,"Ad hoc",0
868,2006,21,"Lithuania","LT",1,"Scheme",7
869,2006,21,"Lithuania","LT",2,"Individual application",0
870,2006,21,"Lithuania","LT",3,"Ad hoc",0
871,2006,22,"Malta","MT",1,"Scheme",9
872,2006,22,"Malta","MT",2,"Individual application",0
873,2006,22,"Malta","MT",3,"Ad hoc",0
874,2006,23,"Poland","PL",1,"Scheme",44
875,2006,23,"Poland","PL",2,"Individual application",1
876,2006,23,"Poland","PL",3,"Ad hoc",36
877,2006,24,"Slovakia","SK",1,"Scheme",12
878,2006,24,"Slovakia","SK",2,"Individual application",19
879,2006,24,"Slovakia","SK",3,"Ad hoc",12
880,2006,25,"Slovenia","SI",1,"Scheme",7
881,2006,25,"Slovenia","SI",2,"Individual application",0
882,2006,25,"Slovenia","SI",3,"Ad hoc",0
883,2007,1,"Belgium","BE",1,"Scheme",33
884,2007,1,"Belgium","BE",2,"Individual application",1
885,2007,1,"Belgium","BE",3,"Ad hoc",10
886,2007,2,"France","FR",1,"Scheme",83
887,2007,2,"France","FR",2,"Individual application",5
888,2007,2,"France","FR",3,"Ad hoc",10
889,2007,3,"Germany","DE",1,"Scheme",152
890,2007,3,"Germany","DE",2,"Individual application",8
891,2007,3,"Germany","DE",3,"Ad hoc",13
892,2007,4,"Italy","IT",1,"Scheme",250
893,2007,4,"Italy","IT",2,"Individual application",7
894,2007,4,"Italy","IT",3,"Ad hoc",8
895,2007,5,"Luxembourg","LU",1,"Scheme",1
896,2007,5,"Luxembourg","LU",2,"Individual application",0
897,2007,5,"Luxembourg","LU",3,"Ad hoc",0
898,2007,6,"Netherlands","NL",1,"Scheme",61
899,2007,6,"Netherlands","NL",2,"Individual application",4
900,2007,6,"Netherlands","NL",3,"Ad hoc",16
901,2007,7,"Denmark","DK",1,"Scheme",24
902,2007,7,"Denmark","DK",2,"Individual application",1
903,2007,7,"Denmark","DK",3,"Ad hoc",1
904,2007,8,"Ireland","IE",1,"Scheme",46
905,2007,8,"Ireland","IE",2,"Individual application",0
906,2007,8,"Ireland","IE",3,"Ad hoc",0
907,2007,9,"United Kingdom","UK",1,"Scheme",102
908,2007,9,"United Kingdom","UK",2,"Individual application",7
909,2007,9,"United Kingdom","UK",3,"Ad hoc",11
910,2007,10,"Greece","EL",1,"Scheme",14
911,2007,10,"Greece","EL",2,"Individual application",5
912,2007,10,"Greece","EL",3,"Ad hoc",3
913,2007,11,"Portugal","PT",1,"Scheme",17
914,2007,11,"Portugal","PT",2,"Individual application",0
915,2007,11,"Portugal","PT",3,"Ad hoc",0
916,2007,12,"Spain","ES",1,"Scheme",228
917,2007,12,"Spain","ES",2,"Individual application",0
918,2007,12,"Spain","ES",3,"Ad hoc",7
919,2007,13,"Austria","AT",1,"Scheme",93
920,2007,13,"Austria","AT",2,"Individual application",0
921,2007,13,"Austria","AT",3,"Ad hoc",0
922,2007,14,"Finland","FI",1,"Scheme",16
923,2007,14,"Finland","FI",2,"Individual application",0
924,2007,14,"Finland","FI",3,"Ad hoc",1
925,2007,15,"Sweden","SE",1,"Scheme",8
926,2007,15,"Sweden","SE",2,"Individual application",1
927,2007,15,"Sweden","SE",3,"Ad hoc",1
928,2007,16,"Cyprus","CY",1,"Scheme",26
929,2007,16,"Cyprus","CY",2,"Individual application",1
930,2007,16,"Cyprus","CY",3,"Ad hoc",0
931,2007,17,"Czech Republic","CZ",1,"Scheme",54
932,2007,17,"Czech Republic","CZ",2,"Individual application",1
933,2007,17,"Czech Republic","CZ",3,"Ad hoc",3
934,2007,18,"Estonia","EE",1,"Scheme",17
935,2007,18,"Estonia","EE",2,"Individual application",0
936,2007,18,"Estonia","EE",3,"Ad hoc",2
937,2007,19,"Hungary","HU",1,"Scheme",63
938,2007,19,"Hungary","HU",2,"Individual application",1
939,2007,19,"Hungary","HU",3,"Ad hoc",1
940,2007,20,"Latvia","LV",1,"Scheme",17
941,2007,20,"Latvia","LV",2,"Individual application",3
942,2007,20,"Latvia","LV",3,"Ad hoc",0
943,2007,21,"Lithuania","LT",1,"Scheme",29
944,2007,21,"Lithuania","LT",2,"Individual application",1
945,2007,21,"Lithuania","LT",3,"Ad hoc",0
946,2007,22,"Malta","MT",1,"Scheme",10
947,2007,22,"Malta","MT",2,"Individual application",0
948,2007,22,"Malta","MT",3,"Ad hoc",0
949,2007,23,"Poland","PL",1,"Scheme",43
950,2007,23,"Poland","PL",2,"Individual application",10
951,2007,23,"Poland","PL",3,"Ad hoc",7
952,2007,24,"Slovakia","SK",1,"Scheme",16
953,2007,24,"Slovakia","SK",2,"Individual application",0
954,2007,24,"Slovakia","SK",3,"Ad hoc",3
955,2007,25,"Slovenia","SI",1,"Scheme",173
956,2007,25,"Slovenia","SI",2,"Individual application",0
957,2007,25,"Slovenia","SI",3,"Ad hoc",0
958,2007,26,"Bulgaria","BG",1,"Scheme",7
959,2007,26,"Bulgaria","BG",2,"Individual application",1
960,2007,26,"Bulgaria","BG",3,"Ad hoc",1
961,2007,27,"Romania","RO",1,"Scheme",12
962,2007,27,"Romania","RO",2,"Individual application",2
963,2007,27,"Romania","RO",3,"Ad hoc",1
964,2008,1,"Belgium","BE",1,"Scheme",32
965,2008,1,"Belgium","BE",2,"Individual application",1
966,2008,1,"Belgium","BE",3,"Ad hoc",31
967,2008,2,"France","FR",1,"Scheme",100
968,2008,2,"France","FR",2,"Individual application",6
969,2008,2,"France","FR",3,"Ad hoc",5
970,2008,3,"Germany","DE",1,"Scheme",155
971,2008,3,"Germany","DE",2,"Individual application",21
972,2008,3,"Germany","DE",3,"Ad hoc",30
973,2008,4,"Italy","IT",1,"Scheme",221
974,2008,4,"Italy","IT",2,"Individual application",10
975,2008,4,"Italy","IT",3,"Ad hoc",3
976,2008,5,"Luxembourg","LU",1,"Scheme",8
977,2008,5,"Luxembourg","LU",2,"Individual application",0
978,2008,5,"Luxembourg","LU",3,"Ad hoc",2
979,2008,6,"Netherlands","NL",1,"Scheme",46
980,2008,6,"Netherlands","NL",2,"Individual application",4
981,2008,6,"Netherlands","NL",3,"Ad hoc",14
982,2008,7,"Denmark","DK",1,"Scheme",22
983,2008,7,"Denmark","DK",2,"Individual application",12
984,2008,7,"Denmark","DK",3,"Ad hoc",5
985,2008,8,"Ireland","IE",1,"Scheme",20
986,2008,8,"Ireland","IE",2,"Individual application",1
987,2008,8,"Ireland","IE",3,"Ad hoc",1
988,2008,9,"United Kingdom","UK",1,"Scheme",72
989,2008,9,"United Kingdom","UK",2,"Individual application",4
990,2008,9,"United Kingdom","UK",3,"Ad hoc",8
991,2008,10,"Greece","EL",1,"Scheme",10
992,2008,10,"Greece","EL",2,"Individual application",4
993,2008,10,"Greece","EL",3,"Ad hoc",5
994,2008,11,"Portugal","PT",1,"Scheme",9
995,2008,11,"Portugal","PT",2,"Individual application",1
996,2008,11,"Portugal","PT",3,"Ad hoc",3
997,2008,12,"Spain","ES",1,"Scheme",214
998,2008,12,"Spain","ES",2,"Individual application",12
999,2008,12,"Spain","ES",3,"Ad hoc",17
1000,2008,13,"Austria","AT",1,"Scheme",43
1001,2008,13,"Austria","AT",2,"Individual application",4
1002,2008,13,"Austria","AT",3,"Ad hoc",4
1003,2008,14,"Finland","FI",1,"Scheme",17
1004,2008,14,"Finland","FI",2,"Individual application",1
1005,2008,14,"Finland","FI",3,"Ad hoc",1
1006,2008,15,"Sweden","SE",1,"Scheme",9
1007,2008,15,"Sweden","SE",2,"Individual application",1
1008,2008,15,"Sweden","SE",3,"Ad hoc",0
1009,2008,16,"Cyprus","CY",1,"Scheme",25
1010,2008,16,"Cyprus","CY",2,"Individual application",0
1011,2008,16,"Cyprus","CY",3,"Ad hoc",0
1012,2008,17,"Czech Republic","CZ",1,"Scheme",78
1013,2008,17,"Czech Republic","CZ",2,"Individual application",1
1014,2008,17,"Czech Republic","CZ",3,"Ad hoc",1
1015,2008,18,"Estonia","EE",1,"Scheme",20
1016,2008,18,"Estonia","EE",2,"Individual application",1
1017,2008,18,"Estonia","EE",3,"Ad hoc",0
1018,2008,19,"Hungary","HU",1,"Scheme",30
1019,2008,19,"Hungary","HU",2,"Individual application",4
1020,2008,19,"Hungary","HU",3,"Ad hoc",1
1021,2008,20,"Latvia","LV",1,"Scheme",33
1022,2008,20,"Latvia","LV",2,"Individual application",2
1023,2008,20,"Latvia","LV",3,"Ad hoc",2
1024,2008,21,"Lithuania","LT",1,"Scheme",23
1025,2008,21,"Lithuania","LT",2,"Individual application",0
1026,2008,21,"Lithuania","LT",3,"Ad hoc",0
1027,2008,22,"Malta","MT",1,"Scheme",5
1028,2008,22,"Malta","MT",2,"Individual application",0
1029,2008,22,"Malta","MT",3,"Ad hoc",0
1030,2008,23,"Poland","PL",1,"Scheme",35
1031,2008,23,"Poland","PL",2,"Individual application",14
1032,2008,23,"Poland","PL",3,"Ad hoc",61
1033,2008,24,"Slovakia","SK",1,"Scheme",14
1034,2008,24,"Slovakia","SK",2,"Individual application",2
1035,2008,24,"Slovakia","SK",3,"Ad hoc",3
1036,2008,25,"Slovenia","SI",1,"Scheme",53
1037,2008,25,"Slovenia","SI",2,"Individual application",1
1038,2008,25,"Slovenia","SI",3,"Ad hoc",1
1039,2008,26,"Bulgaria","BG",1,"Scheme",7
1040,2008,26,"Bulgaria","BG",2,"Individual application",0
1041,2008,26,"Bulgaria","BG",3,"Ad hoc",0
1042,2008,27,"Romania","RO",1,"Scheme",14
1043,2008,27,"Romania","RO",2,"Individual application",1
1044,2008,27,"Romania","RO",3,"Ad hoc",1
1045,2009,1,"Belgium","BE",1,"Scheme",48
1046,2009,1,"Belgium","BE",2,"Individual application",0
1047,2009,1,"Belgium","BE",3,"Ad hoc",7
1048,2009,2,"France","FR",1,"Scheme",86
1049,2009,2,"France","FR",2,"Individual application",7
1050,2009,2,"France","FR",3,"Ad hoc",9
1051,2009,3,"Germany","DE",1,"Scheme",215
1052,2009,3,"Germany","DE",2,"Individual application",23
1053,2009,3,"Germany","DE",3,"Ad hoc",61
1054,2009,4,"Italy","IT",1,"Scheme",276
1055,2009,4,"Italy","IT",2,"Individual application",11
1056,2009,4,"Italy","IT",3,"Ad hoc",9
1057,2009,5,"Luxembourg","LU",1,"Scheme",6
1058,2009,5,"Luxembourg","LU",2,"Individual application",0
1059,2009,5,"Luxembourg","LU",3,"Ad hoc",3
1060,2009,6,"Netherlands","NL",1,"Scheme",58
1061,2009,6,"Netherlands","NL",2,"Individual application",5
1062,2009,6,"Netherlands","NL",3,"Ad hoc",12
1063,2009,7,"Denmark","DK",1,"Scheme",26
1064,2009,7,"Denmark","DK",2,"Individual application",1
1065,2009,7,"Denmark","DK",3,"Ad hoc",3
1066,2009,8,"Ireland","IE",1,"Scheme",19
1067,2009,8,"Ireland","IE",2,"Individual application",1
1068,2009,8,"Ireland","IE",3,"Ad hoc",6
1069,2009,9,"United Kingdom","UK",1,"Scheme",98
1070,2009,9,"United Kingdom","UK",2,"Individual application",4
1071,2009,9,"United Kingdom","UK",3,"Ad hoc",10
1072,2009,10,"Greece","EL",1,"Scheme",13
1073,2009,10,"Greece","EL",2,"Individual application",2
1074,2009,10,"Greece","EL",3,"Ad hoc",3
1075,2009,11,"Portugal","PT",1,"Scheme",11
1076,2009,11,"Portugal","PT",2,"Individual application",0
1077,2009,11,"Portugal","PT",3,"Ad hoc",2
1078,2009,12,"Spain","ES",1,"Scheme",233
1079,2009,12,"Spain","ES",2,"Individual application",29
1080,2009,12,"Spain","ES",3,"Ad hoc",12
1081,2009,13,"Austria","AT",1,"Scheme",70
1082,2009,13,"Austria","AT",2,"Individual application",5
1083,2009,13,"Austria","AT",3,"Ad hoc",2
1084,2009,14,"Finland","FI",1,"Scheme",25
1085,2009,14,"Finland","FI",2,"Individual application",1
1086,2009,14,"Finland","FI",3,"Ad hoc",4
1087,2009,15,"Sweden","SE",1,"Scheme",13
1088,2009,15,"Sweden","SE",2,"Individual application",1
1089,2009,15,"Sweden","SE",3,"Ad hoc",5
1090,2009,16,"Cyprus","CY",1,"Scheme",28
1091,2009,16,"Cyprus","CY",2,"Individual application",0
1092,2009,16,"Cyprus","CY",3,"Ad hoc",0
1093,2009,17,"Czech Republic","CZ",1,"Scheme",48
1094,2009,17,"Czech Republic","CZ",2,"Individual application",1
1095,2009,17,"Czech Republic","CZ",3,"Ad hoc",1
1096,2009,18,"Estonia","EE",1,"Scheme",25
1097,2009,18,"Estonia","EE",2,"Individual application",0
1098,2009,18,"Estonia","EE",3,"Ad hoc",0
1099,2009,19,"Hungary","HU",1,"Scheme",43
1100,2009,19,"Hungary","HU",2,"Individual application",0
1101,2009,19,"Hungary","HU",3,"Ad hoc",1
1102,2009,20,"Latvia","LV",1,"Scheme",23
1103,2009,20,"Latvia","LV",2,"Individual application",1
1104,2009,20,"Latvia","LV",3,"Ad hoc",6
1105,2009,21,"Lithuania","LT",1,"Scheme",26
1106,2009,21,"Lithuania","LT",2,"Individual application",0
1107,2009,21,"Lithuania","LT",3,"Ad hoc",0
1108,2009,22,"Malta","MT",1,"Scheme",9
1109,2009,22,"Malta","MT",2,"Individual application",1
1110,2009,22,"Malta","MT",3,"Ad hoc",0
1111,2009,23,"Poland","PL",1,"Scheme",53
1112,2009,23,"Poland","PL",2,"Individual application",11
1113,2009,23,"Poland","PL",3,"Ad hoc",78
1114,2009,24,"Slovakia","SK",1,"Scheme",32
1115,2009,24,"Slovakia","SK",2,"Individual application",2
1116,2009,24,"Slovakia","SK",3,"Ad hoc",0
1117,2009,25,"Slovenia","SI",1,"Scheme",32
1118,2009,25,"Slovenia","SI",2,"Individual application",0
1119,2009,25,"Slovenia","SI",3,"Ad hoc",0
1120,2009,26,"Bulgaria","BG",1,"Scheme",7
1121,2009,26,"Bulgaria","BG",2,"Individual application",1
1122,2009,26,"Bulgaria","BG",3,"Ad hoc",1
1123,2009,27,"Romania","RO",1,"Scheme",16
1124,2009,27,"Romania","RO",2,"Individual application",2
1125,2009,27,"Romania","RO",3,"Ad hoc",2
1126,2010,1,"Belgium","BE",1,"Scheme",23
1127,2010,1,"Belgium","BE",2,"Individual application",1
1128,2010,1,"Belgium","BE",3,"Ad hoc",4
1129,2010,2,"France","FR",1,"Scheme",65
1130,2010,2,"France","FR",2,"Individual application",0
1131,2010,2,"France","FR",3,"Ad hoc",8
1132,2010,3,"Germany","DE",1,"Scheme",137
1133,2010,3,"Germany","DE",2,"Individual application",11
1134,2010,3,"Germany","DE",3,"Ad hoc",8
1135,2010,4,"Italy","IT",1,"Scheme",174
1136,2010,4,"Italy","IT",2,"Individual application",6
1137,2010,4,"Italy","IT",3,"Ad hoc",9
1138,2010,5,"Luxembourg","LU",1,"Scheme",2
1139,2010,5,"Luxembourg","LU",2,"Individual application",0
1140,2010,5,"Luxembourg","LU",3,"Ad hoc",0
1141,2010,6,"Netherlands","NL",1,"Scheme",37
1142,2010,6,"Netherlands","NL",2,"Individual application",7
1143,2010,6,"Netherlands","NL",3,"Ad hoc",15
1144,2010,7,"Denmark","DK",1,"Scheme",26
1145,2010,7,"Denmark","DK",2,"Individual application",0
1146,2010,7,"Denmark","DK",3,"Ad hoc",5
1147,2010,8,"Ireland","IE",1,"Scheme",19
1148,2010,8,"Ireland","IE",2,"Individual application",2
1149,2010,8,"Ireland","IE",3,"Ad hoc",6
1150,2010,9,"United Kingdom","UK",1,"Scheme",49
1151,2010,9,"United Kingdom","UK",2,"Individual application",1
1152,2010,9,"United Kingdom","UK",3,"Ad hoc",7
1153,2010,10,"Greece","EL",1,"Scheme",18
1154,2010,10,"Greece","EL",2,"Individual application",3
1155,2010,10,"Greece","EL",3,"Ad hoc",4
1156,2010,11,"Portugal","PT",1,"Scheme",11
1157,2010,11,"Portugal","PT",2,"Individual application",1
1158,2010,11,"Portugal","PT",3,"Ad hoc",4
1159,2010,12,"Spain","ES",1,"Scheme",177
1160,2010,12,"Spain","ES",2,"Individual application",12
1161,2010,12,"Spain","ES",3,"Ad hoc",13
1162,2010,13,"Austria","AT",1,"Scheme",32
1163,2010,13,"Austria","AT",2,"Individual application",4
1164,2010,13,"Austria","AT",3,"Ad hoc",6
1165,2010,14,"Finland","FI",1,"Scheme",17
1166,2010,14,"Finland","FI",2,"Individual application",1
1167,2010,14,"Finland","FI",3,"Ad hoc",1
1168,2010,15,"Sweden","SE",1,"Scheme",6
1169,2010,15,"Sweden","SE",2,"Individual application",2
1170,2010,15,"Sweden","SE",3,"Ad hoc",2
1171,2010,16,"Cyprus","CY",1,"Scheme",17
1172,2010,16,"Cyprus","CY",2,"Individual application",4
1173,2010,16,"Cyprus","CY",3,"Ad hoc",0
1174,2010,17,"Czech Republic","CZ",1,"Scheme",38
1175,2010,17,"Czech Republic","CZ",2,"Individual application",0
1176,2010,17,"Czech Republic","CZ",3,"Ad hoc",1
1177,2010,18,"Estonia","EE",1,"Scheme",19
1178,2010,18,"Estonia","EE",2,"Individual application",0
1179,2010,18,"Estonia","EE",3,"Ad hoc",0
1180,2010,19,"Hungary","HU",1,"Scheme",30
1181,2010,19,"Hungary","HU",2,"Individual application",1
1182,2010,19,"Hungary","HU",3,"Ad hoc",2
1183,2010,20,"Latvia","LV",1,"Scheme",26
1184,2010,20,"Latvia","LV",2,"Individual application",0
1185,2010,20,"Latvia","LV",3,"Ad hoc",3
1186,2010,21,"Lithuania","LT",1,"Scheme",12
1187,2010,21,"Lithuania","LT",2,"Individual application",0
1188,2010,21,"Lithuania","LT",3,"Ad hoc",2
1189,2010,22,"Malta","MT",1,"Scheme",1
1190,2010,22,"Malta","MT",2,"Individual application",1
1191,2010,22,"Malta","MT",3,"Ad hoc",1
1192,2010,23,"Poland","PL",1,"Scheme",23
1193,2010,23,"Poland","PL",2,"Individual application",4
1194,2010,23,"Poland","PL",3,"Ad hoc",36
1195,2010,24,"Slovakia","SK",1,"Scheme",19
1196,2010,24,"Slovakia","SK",2,"Individual application",1
1197,2010,24,"Slovakia","SK",3,"Ad hoc",0
1198,2010,25,"Slovenia","SI",1,"Scheme",30
1199,2010,25,"Slovenia","SI",2,"Individual application",0
1200,2010,25,"Slovenia","SI",3,"Ad hoc",2
1201,2010,26,"Bulgaria","BG",1,"Scheme",25
1202,2010,26,"Bulgaria","BG",2,"Individual application",1
1203,2010,26,"Bulgaria","BG",3,"Ad hoc",1
1204,2010,27,"Romania","RO",1,"Scheme",12
1205,2010,27,"Romania","RO",2,"Individual application",1
1206,2010,27,"Romania","RO",3,"Ad hoc",0
1207,2011,1,"Belgium","BE",1,"Scheme",30
1208,2011,1,"Belgium","BE",2,"Individual application",1
1209,2011,1,"Belgium","BE",3,"Ad hoc",16
1210,2011,2,"France","FR",1,"Scheme",44
1211,2011,2,"France","FR",2,"Individual application",2
1212,2011,2,"France","FR",3,"Ad hoc",4
1213,2011,3,"Germany","DE",1,"Scheme",123
1214,2011,3,"Germany","DE",2,"Individual application",10
1215,2011,3,"Germany","DE",3,"Ad hoc",10
1216,2011,4,"Italy","IT",1,"Scheme",146
1217,2011,4,"Italy","IT",2,"Individual application",4
1218,2011,4,"Italy","IT",3,"Ad hoc",12
1219,2011,5,"Luxembourg","LU",1,"Scheme",4
1220,2011,5,"Luxembourg","LU",2,"Individual application",0
1221,2011,5,"Luxembourg","LU",3,"Ad hoc",0
1222,2011,6,"Netherlands","NL",1,"Scheme",39
1223,2011,6,"Netherlands","NL",2,"Individual application",10
1224,2011,6,"Netherlands","NL",3,"Ad hoc",12
1225,2011,7,"Denmark","DK",1,"Scheme",32
1226,2011,7,"Denmark","DK",2,"Individual application",2
1227,2011,7,"Denmark","DK",3,"Ad hoc",4
1228,2011,8,"Ireland","IE",1,"Scheme",12
1229,2011,8,"Ireland","IE",2,"Individual application",1
1230,2011,8,"Ireland","IE",3,"Ad hoc",7
1231,2011,9,"United Kingdom","UK",1,"Scheme",56
1232,2011,9,"United Kingdom","UK",2,"Individual application",0
1233,2011,9,"United Kingdom","UK",3,"Ad hoc",9
1234,2011,10,"Greece","EL",1,"Scheme",31
1235,2011,10,"Greece","EL",2,"Individual application",5
1236,2011,10,"Greece","EL",3,"Ad hoc",5
1237,2011,11,"Portugal","PT",1,"Scheme",12
1238,2011,11,"Portugal","PT",2,"Individual application",0
1239,2011,11,"Portugal","PT",3,"Ad hoc",1
1240,2011,12,"Spain","ES",1,"Scheme",118
1241,2011,12,"Spain","ES",2,"Individual application",5
1242,2011,12,"Spain","ES",3,"Ad hoc",10
1243,2011,13,"Austria","AT",1,"Scheme",31
1244,2011,13,"Austria","AT",2,"Individual application",2
1245,2011,13,"Austria","AT",3,"Ad hoc",4
1246,2011,14,"Finland","FI",1,"Scheme",8
1247,2011,14,"Finland","FI",2,"Individual application",2
1248,2011,14,"Finland","FI",3,"Ad hoc",2
1249,2011,15,"Sweden","SE",1,"Scheme",15
1250,2011,15,"Sweden","SE",2,"Individual application",2
1251,2011,15,"Sweden","SE",3,"Ad hoc",0
1252,2011,16,"Cyprus","CY",1,"Scheme",16
1253,2011,16,"Cyprus","CY",2,"Individual application",0
1254,2011,16,"Cyprus","CY",3,"Ad hoc",1
1255,2011,17,"Czech Republic","CZ",1,"Scheme",37
1256,2011,17,"Czech Republic","CZ",2,"Individual application",1
1257,2011,17,"Czech Republic","CZ",3,"Ad hoc",0
1258,2011,18,"Estonia","EE",1,"Scheme",13
1259,2011,18,"Estonia","EE",2,"Individual application",0
1260,2011,18,"Estonia","EE",3,"Ad hoc",0
1261,2011,19,"Hungary","HU",1,"Scheme",29
1262,2011,19,"Hungary","HU",2,"Individual application",2
1263,2011,19,"Hungary","HU",3,"Ad hoc",0
1264,2011,20,"Latvia","LV",1,"Scheme",19
1265,2011,20,"Latvia","LV",2,"Individual application",0
1266,2011,20,"Latvia","LV",3,"Ad hoc",0
1267,2011,21,"Lithuania","LT",1,"Scheme",12
1268,2011,21,"Lithuania","LT",2,"Individual application",0
1269,2011,21,"Lithuania","LT",3,"Ad hoc",1
1270,2011,22,"Malta","MT",1,"Scheme",3
1271,2011,22,"Malta","MT",2,"Individual application",0
1272,2011,22,"Malta","MT",3,"Ad hoc",1
1273,2011,23,"Poland","PL",1,"Scheme",39
1274,2011,23,"Poland","PL",2,"Individual application",1
1275,2011,23,"Poland","PL",3,"Ad hoc",20
1276,2011,24,"Slovakia","SK",1,"Scheme",4
1277,2011,24,"Slovakia","SK",2,"Individual application",0
1278,2011,24,"Slovakia","SK",3,"Ad hoc",1
1279,2011,25,"Slovenia","SI",1,"Scheme",10
1280,2011,25,"Slovenia","SI",2,"Individual application",1
1281,2011,25,"Slovenia","SI",3,"Ad hoc",3
1282,2011,26,"Bulgaria","BG",1,"Scheme",15
1283,2011,26,"Bulgaria","BG",2,"Individual application",0
1284,2011,26,"Bulgaria","BG",3,"Ad hoc",0
1285,2011,27,"Romania","RO",1,"Scheme",11
1286,2011,27,"Romania","RO",2,"Individual application",0
1287,2011,27,"Romania","RO",3,"Ad hoc",5
1288,2012,1,"Belgium","BE",1,"Scheme",56
1289,2012,1,"Belgium","BE",2,"Individual application",3
1290,2012,1,"Belgium","BE",3,"Ad hoc",19
1291,2012,2,"France","FR",1,"Scheme",35
1292,2012,2,"France","FR",2,"Individual application",6
1293,2012,2,"France","FR",3,"Ad hoc",3
1294,2012,3,"Germany","DE",1,"Scheme",123
1295,2012,3,"Germany","DE",2,"Individual application",5
1296,2012,3,"Germany","DE",3,"Ad hoc",13
1297,2012,4,"Italy","IT",1,"Scheme",120
1298,2012,4,"Italy","IT",2,"Individual application",10
1299,2012,4,"Italy","IT",3,"Ad hoc",11
1300,2012,5,"Luxembourg","LU",1,"Scheme",1
1301,2012,5,"Luxembourg","LU",2,"Individual application",0
1302,2012,5,"Luxembourg","LU",3,"Ad hoc",3
1303,2012,6,"Netherlands","NL",1,"Scheme",25
1304,2012,6,"Netherlands","NL",2,"Individual application",5
1305,2012,6,"Netherlands","NL",3,"Ad hoc",20
1306,2012,7,"Denmark","DK",1,"Scheme",20
1307,2012,7,"Denmark","DK",2,"Individual application",0
1308,2012,7,"Denmark","DK",3,"Ad hoc",5
1309,2012,8,"Ireland","IE",1,"Scheme",11
1310,2012,8,"Ireland","IE",2,"Individual application",0
1311,2012,8,"Ireland","IE",3,"Ad hoc",0
1312,2012,9,"United Kingdom","UK",1,"Scheme",72
1313,2012,9,"United Kingdom","UK",2,"Individual application",1
1314,2012,9,"United Kingdom","UK",3,"Ad hoc",13
1315,2012,10,"Greece","EL",1,"Scheme",20
1316,2012,10,"Greece","EL",2,"Individual application",13
1317,2012,10,"Greece","EL",3,"Ad hoc",21
1318,2012,11,"Portugal","PT",1,"Scheme",10
1319,2012,11,"Portugal","PT",2,"Individual application",2
1320,2012,11,"Portugal","PT",3,"Ad hoc",5
1321,2012,12,"Spain","ES",1,"Scheme",75
1322,2012,12,"Spain","ES",2,"Individual application",14
1323,2012,12,"Spain","ES",3,"Ad hoc",13
1324,2012,13,"Austria","AT",1,"Scheme",17
1325,2012,13,"Austria","AT",2,"Individual application",1
1326,2012,13,"Austria","AT",3,"Ad hoc",2
1327,2012,14,"Finland","FI",1,"Scheme",16
1328,2012,14,"Finland","FI",2,"Individual application",3
1329,2012,14,"Finland","FI",3,"Ad hoc",1
1330,2012,15,"Sweden","SE",1,"Scheme",8
1331,2012,15,"Sweden","SE",2,"Individual application",0
1332,2012,15,"Sweden","SE",3,"Ad hoc",0
1333,2012,16,"Cyprus","CY",1,"Scheme",20
1334,2012,16,"Cyprus","CY",2,"Individual application",1
1335,2012,16,"Cyprus","CY",3,"Ad hoc",2
1336,2012,17,"Czech Republic","CZ",1,"Scheme",36
1337,2012,17,"Czech Republic","CZ",2,"Individual application",6
1338,2012,17,"Czech Republic","CZ",3,"Ad hoc",0
1339,2012,18,"Estonia","EE",1,"Scheme",11
1340,2012,18,"Estonia","EE",2,"Individual application",0
1341,2012,18,"Estonia","EE",3,"Ad hoc",0
1342,2012,19,"Hungary","HU",1,"Scheme",22
1343,2012,19,"Hungary","HU",2,"Individual application",1
1344,2012,19,"Hungary","HU",3,"Ad hoc",0
1345,2012,20,"Latvia","LV",1,"Scheme",20
1346,2012,20,"Latvia","LV",2,"Individual application",0
1347,2012,20,"Latvia","LV",3,"Ad hoc",2
1348,2012,21,"Lithuania","LT",1,"Scheme",18
1349,2012,21,"Lithuania","LT",2,"Individual application",1
1350,2012,21,"Lithuania","LT",3,"Ad hoc",0
1351,2012,22,"Malta","MT",1,"Scheme",5
1352,2012,22,"Malta","MT",2,"Individual application",0
1353,2012,22,"Malta","MT",3,"Ad hoc",0
1354,2012,23,"Poland","PL",1,"Scheme",24
1355,2012,23,"Poland","PL",2,"Individual application",1
1356,2012,23,"Poland","PL",3,"Ad hoc",35
1357,2012,24,"Slovakia","SK",1,"Scheme",11
1358,2012,24,"Slovakia","SK",2,"Individual application",5
1359,2012,24,"Slovakia","SK",3,"Ad hoc",0
1360,2012,25,"Slovenia","SI",1,"Scheme",17
1361,2012,25,"Slovenia","SI",2,"Individual application",0
1362,2012,25,"Slovenia","SI",3,"Ad hoc",1
1363,2012,26,"Bulgaria","BG",1,"Scheme",14
1364,2012,26,"Bulgaria","BG",2,"Individual application",0
1365,2012,26,"Bulgaria","BG",3,"Ad hoc",0
1366,2012,27,"Romania","RO",1,"Scheme",13
1367,2012,27,"Romania","RO",2,"Individual application",1
1368,2012,27,"Romania","RO",3,"Ad hoc",1
1369,2013,1,"Belgium","BE",1,"Scheme",64
1370,2013,1,"Belgium","BE",2,"Individual application",10
1371,2013,1,"Belgium","BE",3,"Ad hoc",3
1372,2013,2,"France","FR",1,"Scheme",72
1373,2013,2,"France","FR",2,"Individual application",10
1374,2013,2,"France","FR",3,"Ad hoc",7
1375,2013,3,"Germany","DE",1,"Scheme",171
1376,2013,3,"Germany","DE",2,"Individual application",5
1377,2013,3,"Germany","DE",3,"Ad hoc",11
1378,2013,4,"Italy","IT",1,"Scheme",134
1379,2013,4,"Italy","IT",2,"Individual application",4
1380,2013,4,"Italy","IT",3,"Ad hoc",8
1381,2013,5,"Luxembourg","LU",1,"Scheme",6
1382,2013,5,"Luxembourg","LU",2,"Individual application",0
1383,2013,5,"Luxembourg","LU",3,"Ad hoc",0
1384,2013,6,"Netherlands","NL",1,"Scheme",66
1385,2013,6,"Netherlands","NL",2,"Individual application",13
1386,2013,6,"Netherlands","NL",3,"Ad hoc",17
1387,2013,7,"Denmark","DK",1,"Scheme",30
1388,2013,7,"Denmark","DK",2,"Individual application",2
1389,2013,7,"Denmark","DK",3,"Ad hoc",0
1390,2013,8,"Ireland","IE",1,"Scheme",21
1391,2013,8,"Ireland","IE",2,"Individual application",2
1392,2013,8,"Ireland","IE",3,"Ad hoc",1
1393,2013,9,"United Kingdom","UK",1,"Scheme",53
1394,2013,9,"United Kingdom","UK",2,"Individual application",5
1395,2013,9,"United Kingdom","UK",3,"Ad hoc",6
1396,2013,10,"Greece","EL",1,"Scheme",17
1397,2013,10,"Greece","EL",2,"Individual application",18
1398,2013,10,"Greece","EL",3,"Ad hoc",4
1399,2013,11,"Portugal","PT",1,"Scheme",12
1400,2013,11,"Portugal","PT",2,"Individual application",1
1401,2013,11,"Portugal","PT",3,"Ad hoc",2
1402,2013,12,"Spain","ES",1,"Scheme",88
1403,2013,12,"Spain","ES",2,"Individual application",6
1404,2013,12,"Spain","ES",3,"Ad hoc",10
1405,2013,13,"Austria","AT",1,"Scheme",33
1406,2013,13,"Austria","AT",2,"Individual application",1
1407,2013,13,"Austria","AT",3,"Ad hoc",5
1408,2013,14,"Finland","FI",1,"Scheme",17
1409,2013,14,"Finland","FI",2,"Individual application",1
1410,2013,14,"Finland","FI",3,"Ad hoc",2
1411,2013,15,"Sweden","SE",1,"Scheme",16
1412,2013,15,"Sweden","SE",2,"Individual application",1
1413,2013,15,"Sweden","SE",3,"Ad hoc",2
1414,2013,16,"Cyprus","CY",1,"Scheme",8
1415,2013,16,"Cyprus","CY",2,"Individual application",0
1416,2013,16,"Cyprus","CY",3,"Ad hoc",1
1417,2013,17,"Czech Republic","CZ",1,"Scheme",49
1418,2013,17,"Czech Republic","CZ",2,"Individual application",0
1419,2013,17,"Czech Republic","CZ",3,"Ad hoc",0
1420,2013,18,"Estonia","EE",1,"Scheme",17
1421,2013,18,"Estonia","EE",2,"Individual application",1
1422,2013,18,"Estonia","EE",3,"Ad hoc",1
1423,2013,19,"Hungary","HU",1,"Scheme",36
1424,2013,19,"Hungary","HU",2,"Individual application",1
1425,2013,19,"Hungary","HU",3,"Ad hoc",1
1426,2013,20,"Latvia","LV",1,"Scheme",29
1427,2013,20,"Latvia","LV",2,"Individual application",1
1428,2013,20,"Latvia","LV",3,"Ad hoc",3
1429,2013,21,"Lithuania","LT",1,"Scheme",15
1430,2013,21,"Lithuania","LT",2,"Individual application",2
1431,2013,21,"Lithuania","LT",3,"Ad hoc",1
1432,2013,22,"Malta","MT",1,"Scheme",4
1433,2013,22,"Malta","MT",2,"Individual application",0
1434,2013,22,"Malta","MT",3,"Ad hoc",1
1435,2013,23,"Poland","PL",1,"Scheme",27
1436,2013,23,"Poland","PL",2,"Individual application",3
1437,2013,23,"Poland","PL",3,"Ad hoc",23
1438,2013,24,"Slovakia","SK",1,"Scheme",7
1439,2013,24,"Slovakia","SK",2,"Individual application",1
1440,2013,24,"Slovakia","SK",3,"Ad hoc",1
1441,2013,25,"Slovenia","SI",1,"Scheme",11
1442,2013,25,"Slovenia","SI",2,"Individual application",7
1443,2013,25,"Slovenia","SI",3,"Ad hoc",3
1444,2013,26,"Bulgaria","BG",1,"Scheme",23
1445,2013,26,"Bulgaria","BG",2,"Individual application",0
1446,2013,26,"Bulgaria","BG",3,"Ad hoc",0
1447,2013,27,"Romania","RO",1,"Scheme",12
1448,2013,27,"Romania","RO",2,"Individual application",1
1449,2013,27,"Romania","RO",3,"Ad hoc",1
1450,2013,28,"Croatia","HR",1,"Scheme",9
1451,2013,28,"Croatia","HR",2,"Individual application",1
1452,2013,28,"Croatia","HR",3,"Ad hoc",3
1453,2014,1,"Belgium","BE",1,"Scheme",119
1454,2014,1,"Belgium","BE",2,"Individual application",2
1455,2014,1,"Belgium","BE",3,"Ad hoc",20
1456,2014,2,"France","FR",1,"Scheme",63
1457,2014,2,"France","FR",2,"Individual application",4
1458,2014,2,"France","FR",3,"Ad hoc",4
1459,2014,3,"Germany","DE",1,"Scheme",159
1460,2014,3,"Germany","DE",2,"Individual application",23
1461,2014,3,"Germany","DE",3,"Ad hoc",28
1462,2014,4,"Italy","IT",1,"Scheme",162
1463,2014,4,"Italy","IT",2,"Individual application",8
1464,2014,4,"Italy","IT",3,"Ad hoc",17
1465,2014,5,"Luxembourg","LU",1,"Scheme",4
1466,2014,5,"Luxembourg","LU",2,"Individual application",0
1467,2014,5,"Luxembourg","LU",3,"Ad hoc",3
1468,2014,6,"Netherlands","NL",1,"Scheme",54
1469,2014,6,"Netherlands","NL",2,"Individual application",1
1470,2014,6,"Netherlands","NL",3,"Ad hoc",32
1471,2014,7,"Denmark","DK",1,"Scheme",31
1472,2014,7,"Denmark","DK",2,"Individual application",1
1473,2014,7,"Denmark","DK",3,"Ad hoc",3
1474,2014,8,"Ireland","IE",1,"Scheme",32
1475,2014,8,"Ireland","IE",2,"Individual application",1
1476,2014,8,"Ireland","IE",3,"Ad hoc",2
1477,2014,9,"United Kingdom","UK",1,"Scheme",127
1478,2014,9,"United Kingdom","UK",2,"Individual application",13
1479,2014,9,"United Kingdom","UK",3,"Ad hoc",8
1480,2014,10,"Greece","EL",1,"Scheme",36
1481,2014,10,"Greece","EL",2,"Individual application",1
1482,2014,10,"Greece","EL",3,"Ad hoc",4
1483,2014,11,"Portugal","PT",1,"Scheme",14
1484,2014,11,"Portugal","PT",2,"Individual application",3
1485,2014,11,"Portugal","PT",3,"Ad hoc",0
1486,2014,12,"Spain","ES",1,"Scheme",105
1487,2014,12,"Spain","ES",2,"Individual application",2
1488,2014,12,"Spain","ES",3,"Ad hoc",9
1489,2014,13,"Austria","AT",1,"Scheme",56
1490,2014,13,"Austria","AT",2,"Individual application",0
1491,2014,13,"Austria","AT",3,"Ad hoc",2
1492,2014,14,"Finland","FI",1,"Scheme",27
1493,2014,14,"Finland","FI",2,"Individual application",1
1494,2014,14,"Finland","FI",3,"Ad hoc",2
1495,2014,15,"Sweden","SE",1,"Scheme",12
1496,2014,15,"Sweden","SE",2,"Individual application",0
1497,2014,15,"Sweden","SE",3,"Ad hoc",6
1498,2014,16,"Cyprus","CY",1,"Scheme",4
1499,2014,16,"Cyprus","CY",2,"Individual application",0
1500,2014,16,"Cyprus","CY",3,"Ad hoc",1
1501,2014,17,"Czech Republic","CZ",1,"Scheme",72
1502,2014,17,"Czech Republic","CZ",2,"Individual application",3
1503,2014,17,"Czech Republic","CZ",3,"Ad hoc",13
1504,2014,18,"Estonia","EE",1,"Scheme",7
1505,2014,18,"Estonia","EE",2,"Individual application",0
1506,2014,18,"Estonia","EE",3,"Ad hoc",3
1507,2014,19,"Hungary","HU",1,"Scheme",64
1508,2014,19,"Hungary","HU",2,"Individual application",5
1509,2014,19,"Hungary","HU",3,"Ad hoc",2
1510,2014,20,"Latvia","LV",1,"Scheme",22
1511,2014,20,"Latvia","LV",2,"Individual application",1
1512,2014,20,"Latvia","LV",3,"Ad hoc",1
1513,2014,21,"Lithuania","LT",1,"Scheme",16
1514,2014,21,"Lithuania","LT",2,"Individual application",0
1515,2014,21,"Lithuania","LT",3,"Ad hoc",2
1516,2014,22,"Malta","MT",1,"Scheme",7
1517,2014,22,"Malta","MT",2,"Individual application",1
1518,2014,22,"Malta","MT",3,"Ad hoc",0
1519,2014,23,"Poland","PL",1,"Scheme",17
1520,2014,23,"Poland","PL",2,"Individual application",1
1521,2014,23,"Poland","PL",3,"Ad hoc",21
1522,2014,24,"Slovakia","SK",1,"Scheme",6
1523,2014,24,"Slovakia","SK",2,"Individual application",4
1524,2014,24,"Slovakia","SK",3,"Ad hoc",0
1525,2014,25,"Slovenia","SI",1,"Scheme",11
1526,2014,25,"Slovenia","SI",2,"Individual application",2
1527,2014,25,"Slovenia","SI",3,"Ad hoc",3
1528,2014,26,"Bulgaria","BG",1,"Scheme",12
1529,2014,26,"Bulgaria","BG",2,"Individual application",2
1530,2014,26,"Bulgaria","BG",3,"Ad hoc",0
1531,2014,27,"Romania","RO",1,"Scheme",17
1532,2014,27,"Romania","RO",2,"Individual application",0
1533,2014,27,"Romania","RO",3,"Ad hoc",2
1534,2014,28,"Croatia","HR",1,"Scheme",15
1535,2014,28,"Croatia","HR",2,"Individual application",2
1536,2014,28,"Croatia","HR",3,"Ad hoc",0
1537,2015,1,"Belgium","BE",1,"Scheme",35
1538,2015,1,"Belgium","BE",2,"Individual application",1
1539,2015,1,"Belgium","BE",3,"Ad hoc",9
1540,2015,2,"France","FR",1,"Scheme",92
1541,2015,2,"France","FR",2,"Individual application",6
1542,2015,2,"France","FR",3,"Ad hoc",1
1543,2015,3,"Germany","DE",1,"Scheme",387
1544,2015,3,"Germany","DE",2,"Individual application",13
1545,2015,3,"Germany","DE",3,"Ad hoc",535
1546,2015,4,"Italy","IT",1,"Scheme",275
1547,2015,4,"Italy","IT",2,"Individual application",3
1548,2015,4,"Italy","IT",3,"Ad hoc",15
1549,2015,5,"Luxembourg","LU",1,"Scheme",8
1550,2015,5,"Luxembourg","LU",2,"Individual application",0
1551,2015,5,"Luxembourg","LU",3,"Ad hoc",0
1552,2015,6,"Netherlands","NL",1,"Scheme",97
1553,2015,6,"Netherlands","NL",2,"Individual application",1
1554,2015,6,"Netherlands","NL",3,"Ad hoc",135
1555,2015,7,"Denmark","DK",1,"Scheme",34
1556,2015,7,"Denmark","DK",2,"Individual application",1
1557,2015,7,"Denmark","DK",3,"Ad hoc",8
1558,2015,8,"Ireland","IE",1,"Scheme",20
1559,2015,8,"Ireland","IE",2,"Individual application",0
1560,2015,8,"Ireland","IE",3,"Ad hoc",0
1561,2015,9,"United Kingdom","UK",1,"Scheme",88
1562,2015,9,"United Kingdom","UK",2,"Individual application",4
1563,2015,9,"United Kingdom","UK",3,"Ad hoc",20
1564,2015,10,"Greece","EL",1,"Scheme",12
1565,2015,10,"Greece","EL",2,"Individual application",6
1566,2015,10,"Greece","EL",3,"Ad hoc",2
1567,2015,11,"Portugal","PT",1,"Scheme",25
1568,2015,11,"Portugal","PT",2,"Individual application",3
1569,2015,11,"Portugal","PT",3,"Ad hoc",12
1570,2015,12,"Spain","ES",1,"Scheme",214
1571,2015,12,"Spain","ES",2,"Individual application",1
1572,2015,12,"Spain","ES",3,"Ad hoc",36
1573,2015,13,"Austria","AT",1,"Scheme",107
1574,2015,13,"Austria","AT",2,"Individual application",1
1575,2015,13,"Austria","AT",3,"Ad hoc",10
1576,2015,14,"Finland","FI",1,"Scheme",36
1577,2015,14,"Finland","FI",2,"Individual application",4
1578,2015,14,"Finland","FI",3,"Ad hoc",0
1579,2015,15,"Sweden","SE",1,"Scheme",31
1580,2015,15,"Sweden","SE",2,"Individual application",1
1581,2015,15,"Sweden","SE",3,"Ad hoc",2
1582,2015,16,"Cyprus","CY",1,"Scheme",22
1583,2015,16,"Cyprus","CY",2,"Individual application",1
1584,2015,16,"Cyprus","CY",3,"Ad hoc",0
1585,2015,17,"Czech Republic","CZ",1,"Scheme",86
1586,2015,17,"Czech Republic","CZ",2,"Individual application",0
1587,2015,17,"Czech Republic","CZ",3,"Ad hoc",124
1588,2015,18,"Estonia","EE",1,"Scheme",41
1589,2015,18,"Estonia","EE",2,"Individual application",1
1590,2015,18,"Estonia","EE",3,"Ad hoc",0
1591,2015,19,"Hungary","HU",1,"Scheme",41
1592,2015,19,"Hungary","HU",2,"Individual application",1
1593,2015,19,"Hungary","HU",3,"Ad hoc",1
1594,2015,20,"Latvia","LV",1,"Scheme",34
1595,2015,20,"Latvia","LV",2,"Individual application",1
1596,2015,20,"Latvia","LV",3,"Ad hoc",4
1597,2015,21,"Lithuania","LT",1,"Scheme",36
1598,2015,21,"Lithuania","LT",2,"Individual application",2
1599,2015,21,"Lithuania","LT",3,"Ad hoc",2
1600,2015,22,"Malta","MT",1,"Scheme",8
1601,2015,22,"Malta","MT",2,"Individual application",0
1602,2015,22,"Malta","MT",3,"Ad hoc",0
1603,2015,23,"Poland","PL",1,"Scheme",65
1604,2015,23,"Poland","PL",2,"Individual application",2
1605,2015,23,"Poland","PL",3,"Ad hoc",26
1606,2015,24,"Slovakia","SK",1,"Scheme",28
1607,2015,24,"Slovakia","SK",2,"Individual application",0
1608,2015,24,"Slovakia","SK",3,"Ad hoc",6
1609,2015,25,"Slovenia","SI",1,"Scheme",133
1610,2015,25,"Slovenia","SI",2,"Individual application",1
1611,2015,25,"Slovenia","SI",3,"Ad hoc",0
1612,2015,26,"Bulgaria","BG",1,"Scheme",23
1613,2015,26,"Bulgaria","BG",2,"Individual application",0
1614,2015,26,"Bulgaria","BG",3,"Ad hoc",3
1615,2015,27,"Romania","RO",1,"Scheme",14
1616,2015,27,"Romania","RO",2,"Individual application",1
1617,2015,27,"Romania","RO",3,"Ad hoc",3
1618,2015,28,"Croatia","HR",1,"Scheme",21
1619,2015,28,"Croatia","HR",2,"Individual application",2
1620,2015,28,"Croatia","HR",3,"Ad hoc",2
1621,2016,1,"Belgium","BE",1,"Scheme",37
1622,2016,1,"Belgium","BE",2,"Individual application",4
1623,2016,1,"Belgium","BE",3,"Ad hoc",35
1624,2016,2,"France","FR",1,"Scheme",54
1625,2016,2,"France","FR",2,"Individual application",6
1626,2016,2,"France","FR",3,"Ad hoc",5
1627,2016,3,"Germany","DE",1,"Scheme",259
1628,2016,3,"Germany","DE",2,"Individual application",14
1629,2016,3,"Germany","DE",3,"Ad hoc",471
1630,2016,4,"Italy","IT",1,"Scheme",306
1631,2016,4,"Italy","IT",2,"Individual application",3
1632,2016,4,"Italy","IT",3,"Ad hoc",12
1633,2016,5,"Luxembourg","LU",1,"Scheme",16
1634,2016,5,"Luxembourg","LU",2,"Individual application",0
1635,2016,5,"Luxembourg","LU",3,"Ad hoc",3
1636,2016,6,"Netherlands","NL",1,"Scheme",86
1637,2016,6,"Netherlands","NL",2,"Individual application",0
1638,2016,6,"Netherlands","NL",3,"Ad hoc",137
1639,2016,7,"Denmark","DK",1,"Scheme",22
1640,2016,7,"Denmark","DK",2,"Individual application",3
1641,2016,7,"Denmark","DK",3,"Ad hoc",3
1642,2016,8,"Ireland","IE",1,"Scheme",19
1643,2016,8,"Ireland","IE",2,"Individual application",1
1644,2016,8,"Ireland","IE",3,"Ad hoc",2
1645,2016,9,"United Kingdom","UK",1,"Scheme",66
1646,2016,9,"United Kingdom","UK",2,"Individual application",1
1647,2016,9,"United Kingdom","UK",3,"Ad hoc",18
1648,2016,10,"Greece","EL",1,"Scheme",60
1649,2016,10,"Greece","EL",2,"Individual application",2
1650,2016,10,"Greece","EL",3,"Ad hoc",2
1651,2016,11,"Portugal","PT",1,"Scheme",29
1652,2016,11,"Portugal","PT",2,"Individual application",0
1653,2016,11,"Portugal","PT",3,"Ad hoc",0
1654,2016,12,"Spain","ES",1,"Scheme",152
1655,2016,12,"Spain","ES",2,"Individual application",0
1656,2016,12,"Spain","ES",3,"Ad hoc",33
1657,2016,13,"Austria","AT",1,"Scheme",51
1658,2016,13,"Austria","AT",2,"Individual application",2
1659,2016,13,"Austria","AT",3,"Ad hoc",8
1660,2016,14,"Finland","FI",1,"Scheme",16
1661,2016,14,"Finland","FI",2,"Individual application",1
1662,2016,14,"Finland","FI",3,"Ad hoc",4
1663,2016,15,"Sweden","SE",1,"Scheme",18
1664,2016,15,"Sweden","SE",2,"Individual application",2
1665,2016,15,"Sweden","SE",3,"Ad hoc",0
1666,2016,16,"Cyprus","CY",1,"Scheme",4
1667,2016,16,"Cyprus","CY",2,"Individual application",1
1668,2016,16,"Cyprus","CY",3,"Ad hoc",0
1669,2016,17,"Czech Republic","CZ",1,"Scheme",67
1670,2016,17,"Czech Republic","CZ",2,"Individual application",2
1671,2016,17,"Czech Republic","CZ",3,"Ad hoc",73
1672,2016,18,"Estonia","EE",1,"Scheme",45
1673,2016,18,"Estonia","EE",2,"Individual application",0
1674,2016,18,"Estonia","EE",3,"Ad hoc",0
1675,2016,19,"Hungary","HU",1,"Scheme",32
1676,2016,19,"Hungary","HU",2,"Individual application",0
1677,2016,19,"Hungary","HU",3,"Ad hoc",3
1678,2016,20,"Latvia","LV",1,"Scheme",23
1679,2016,20,"Latvia","LV",2,"Individual application",1
1680,2016,20,"Latvia","LV",3,"Ad hoc",4
1681,2016,21,"Lithuania","LT",1,"Scheme",52
1682,2016,21,"Lithuania","LT",2,"Individual application",1
1683,2016,21,"Lithuania","LT",3,"Ad hoc",2
1684,2016,22,"Malta","MT",1,"Scheme",8
1685,2016,22,"Malta","MT",2,"Individual application",1
1686,2016,22,"Malta","MT",3,"Ad hoc",1
1687,2016,23,"Poland","PL",1,"Scheme",32
1688,2016,23,"Poland","PL",2,"Individual application",2
1689,2016,23,"Poland","PL",3,"Ad hoc",20
1690,2016,24,"Slovakia","SK",1,"Scheme",23
1691,2016,24,"Slovakia","SK",2,"Individual application",2
1692,2016,24,"Slovakia","SK",3,"Ad hoc",1
1693,2016,25,"Slovenia","SI",1,"Scheme",66
1694,2016,25,"Slovenia","SI",2,"Individual application",0
1695,2016,25,"Slovenia","SI",3,"Ad hoc",1
1696,2016,26,"Bulgaria","BG",1,"Scheme",12
1697,2016,26,"Bulgaria","BG",2,"Individual application",0
1698,2016,26,"Bulgaria","BG",3,"Ad hoc",0
1699,2016,27,"Romania","RO",1,"Scheme",12
1700,2016,27,"Romania","RO",2,"Individual application",1
1701,2016,27,"Romania","RO",3,"Ad hoc",0
1702,2016,28,"Croatia","HR",1,"Scheme",18
1703,2016,28,"Croatia","HR",2,"Individual application",0
1704,2016,28,"Croatia","HR",3,"Ad hoc",1
1705,2017,1,"Belgium","BE",1,"Scheme",41
1706,2017,1,"Belgium","BE",2,"Individual application",1
1707,2017,1,"Belgium","BE",3,"Ad hoc",50
1708,2017,2,"France","FR",1,"Scheme",78
1709,2017,2,"France","FR",2,"Individual application",1
1710,2017,2,"France","FR",3,"Ad hoc",14
1711,2017,3,"Germany","DE",1,"Scheme",220
1712,2017,3,"Germany","DE",2,"Individual application",2
1713,2017,3,"Germany","DE",3,"Ad hoc",89
1714,2017,4,"Italy","IT",1,"Scheme",302
1715,2017,4,"Italy","IT",2,"Individual application",2
1716,2017,4,"Italy","IT",3,"Ad hoc",22
1717,2017,5,"Luxembourg","LU",1,"Scheme",9
1718,2017,5,"Luxembourg","LU",2,"Individual application",0
1719,2017,5,"Luxembourg","LU",3,"Ad hoc",1
1720,2017,6,"Netherlands","NL",1,"Scheme",104
1721,2017,6,"Netherlands","NL",2,"Individual application",0
1722,2017,6,"Netherlands","NL",3,"Ad hoc",197
1723,2017,7,"Denmark","DK",1,"Scheme",25
1724,2017,7,"Denmark","DK",2,"Individual application",2
1725,2017,7,"Denmark","DK",3,"Ad hoc",3
1726,2017,8,"Ireland","IE",1,"Scheme",16
1727,2017,8,"Ireland","IE",2,"Individual application",0
1728,2017,8,"Ireland","IE",3,"Ad hoc",0
1729,2017,9,"United Kingdom","UK",1,"Scheme",73
1730,2017,9,"United Kingdom","UK",2,"Individual application",2
1731,2017,9,"United Kingdom","UK",3,"Ad hoc",38
1732,2017,10,"Greece","EL",1,"Scheme",64
1733,2017,10,"Greece","EL",2,"Individual application",1
1734,2017,10,"Greece","EL",3,"Ad hoc",16
1735,2017,11,"Portugal","PT",1,"Scheme",27
1736,2017,11,"Portugal","PT",2,"Individual application",2
1737,2017,11,"Portugal","PT",3,"Ad hoc",4
1738,2017,12,"Spain","ES",1,"Scheme",188
1739,2017,12,"Spain","ES",2,"Individual application",1
1740,2017,12,"Spain","ES",3,"Ad hoc",40
1741,2017,13,"Austria","AT",1,"Scheme",52
1742,2017,13,"Austria","AT",2,"Individual application",0
1743,2017,13,"Austria","AT",3,"Ad hoc",4
1744,2017,14,"Finland","FI",1,"Scheme",7
1745,2017,14,"Finland","FI",2,"Individual application",0
1746,2017,14,"Finland","FI",3,"Ad hoc",6
1747,2017,15,"Sweden","SE",1,"Scheme",22
1748,2017,15,"Sweden","SE",2,"Individual application",0
1749,2017,15,"Sweden","SE",3,"Ad hoc",1
1750,2017,16,"Cyprus","CY",1,"Scheme",5
1751,2017,16,"Cyprus","CY",2,"Individual application",0
1752,2017,16,"Cyprus","CY",3,"Ad hoc",0
1753,2017,17,"Czech Republic","CZ",1,"Scheme",64
1754,2017,17,"Czech Republic","CZ",2,"Individual application",0
1755,2017,17,"Czech Republic","CZ",3,"Ad hoc",93
1756,2017,18,"Estonia","EE",1,"Scheme",30
1757,2017,18,"Estonia","EE",2,"Individual application",0
1758,2017,18,"Estonia","EE",3,"Ad hoc",4
1759,2017,19,"Hungary","HU",1,"Scheme",29
1760,2017,19,"Hungary","HU",2,"Individual application",2
1761,2017,19,"Hungary","HU",3,"Ad hoc",13
1762,2017,20,"Latvia","LV",1,"Scheme",8
1763,2017,20,"Latvia","LV",2,"Individual application",0
1764,2017,20,"Latvia","LV",3,"Ad hoc",0
1765,2017,21,"Lithuania","LT",1,"Scheme",36
1766,2017,21,"Lithuania","LT",2,"Individual application",1
1767,2017,21,"Lithuania","LT",3,"Ad hoc",1
1768,2017,22,"Malta","MT",1,"Scheme",7
1769,2017,22,"Malta","MT",2,"Individual application",0
1770,2017,22,"Malta","MT",3,"Ad hoc",0
1771,2017,23,"Poland","PL",1,"Scheme",21
1772,2017,23,"Poland","PL",2,"Individual application",0
1773,2017,23,"Poland","PL",3,"Ad hoc",43
1774,2017,24,"Slovakia","SK",1,"Scheme",23
1775,2017,24,"Slovakia","SK",2,"Individual application",0
1776,2017,24,"Slovakia","SK",3,"Ad hoc",2
1777,2017,25,"Slovenia","SI",1,"Scheme",15
1778,2017,25,"Slovenia","SI",2,"Individual application",0
1779,2017,25,"Slovenia","SI",3,"Ad hoc",1
1780,2017,26,"Bulgaria","BG",1,"Scheme",18
1781,2017,26,"Bulgaria","BG",2,"Individual application",0
1782,2017,26,"Bulgaria","BG",3,"Ad hoc",4
1783,2017,27,"Romania","RO",1,"Scheme",18
1784,2017,27,"Romania","RO",2,"Individual application",3
1785,2017,27,"Romania","RO",3,"Ad hoc",1
1786,2017,28,"Croatia","HR",1,"Scheme",32
1787,2017,28,"Croatia","HR",2,"Individual application",2
1788,2017,28,"Croatia","HR",3,"Ad hoc",4
1789,2018,1,"Belgium","BE",1,"Scheme",30
1790,2018,1,"Belgium","BE",2,"Individual application",1
1791,2018,1,"Belgium","BE",3,"Ad hoc",82
1792,2018,2,"France","FR",1,"Scheme",44
1793,2018,2,"France","FR",2,"Individual application",0
1794,2018,2,"France","FR",3,"Ad hoc",7
1795,2018,3,"Germany","DE",1,"Scheme",274
1796,2018,3,"Germany","DE",2,"Individual application",1
1797,2018,3,"Germany","DE",3,"Ad hoc",110
1798,2018,4,"Italy","IT",1,"Scheme",260
1799,2018,4,"Italy","IT",2,"Individual application",1
1800,2018,4,"Italy","IT",3,"Ad hoc",42
1801,2018,5,"Luxembourg","LU",1,"Scheme",7
1802,2018,5,"Luxembourg","LU",2,"Individual application",1
1803,2018,5,"Luxembourg","LU",3,"Ad hoc",0
1804,2018,6,"Netherlands","NL",1,"Scheme",91
1805,2018,6,"Netherlands","NL",2,"Individual application",1
1806,2018,6,"Netherlands","NL",3,"Ad hoc",271
1807,2018,7,"Denmark","DK",1,"Scheme",23
1808,2018,7,"Denmark","DK",2,"Individual application",0
1809,2018,7,"Denmark","DK",3,"Ad hoc",18
1810,2018,8,"Ireland","IE",1,"Scheme",19
1811,2018,8,"Ireland","IE",2,"Individual application",0
1812,2018,8,"Ireland","IE",3,"Ad hoc",2
1813,2018,9,"United Kingdom","UK",1,"Scheme",51
1814,2018,9,"United Kingdom","UK",2,"Individual application",0
1815,2018,9,"United Kingdom","UK",3,"Ad hoc",19
1816,2018,10,"Greece","EL",1,"Scheme",86
1817,2018,10,"Greece","EL",2,"Individual application",0
1818,2018,10,"Greece","EL",3,"Ad hoc",20
1819,2018,11,"Portugal","PT",1,"Scheme",13
1820,2018,11,"Portugal","PT",2,"Individual application",0
1821,2018,11,"Portugal","PT",3,"Ad hoc",0
1822,2018,12,"Spain","ES",1,"Scheme",185
1823,2018,12,"Spain","ES",2,"Individual application",0
1824,2018,12,"Spain","ES",3,"Ad hoc",52
1825,2018,13,"Austria","AT",1,"Scheme",52
1826,2018,13,"Austria","AT",2,"Individual application",2
1827,2018,13,"Austria","AT",3,"Ad hoc",4
1828,2018,14,"Finland","FI",1,"Scheme",14
1829,2018,14,"Finland","FI",2,"Individual application",0
1830,2018,14,"Finland","FI",3,"Ad hoc",9
1831,2018,15,"Sweden","SE",1,"Scheme",33
1832,2018,15,"Sweden","SE",2,"Individual application",0
1833,2018,15,"Sweden","SE",3,"Ad hoc",27
1834,2018,16,"Cyprus","CY",1,"Scheme",4
1835,2018,16,"Cyprus","CY",2,"Individual application",1
1836,2018,16,"Cyprus","CY",3,"Ad hoc",1
1837,2018,17,"Czech Republic","CZ",1,"Scheme",51
1838,2018,17,"Czech Republic","CZ",2,"Individual application",0
1839,2018,17,"Czech Republic","CZ",3,"Ad hoc",127
1840,2018,18,"Estonia","EE",1,"Scheme",27
1841,2018,18,"Estonia","EE",2,"Individual application",0
1842,2018,18,"Estonia","EE",3,"Ad hoc",7
1843,2018,19,"Hungary","HU",1,"Scheme",67
1844,2018,19,"Hungary","HU",2,"Individual application",0
1845,2018,19,"Hungary","HU",3,"Ad hoc",27
1846,2018,20,"Latvia","LV",1,"Scheme",8
1847,2018,20,"Latvia","LV",2,"Individual application",0
1848,2018,20,"Latvia","LV",3,"Ad hoc",3
1849,2018,21,"Lithuania","LT",1,"Scheme",29
1850,2018,21,"Lithuania","LT",2,"Individual application",1
1851,2018,21,"Lithuania","LT",3,"Ad hoc",1
1852,2018,22,"Malta","MT",1,"Scheme",18
1853,2018,22,"Malta","MT",2,"Individual application",0
1854,2018,22,"Malta","MT",3,"Ad hoc",0
1855,2018,23,"Poland","PL",1,"Scheme",30
1856,2018,23,"Poland","PL",2,"Individual application",1
1857,2018,23,"Poland","PL",3,"Ad hoc",32
1858,2018,24,"Slovakia","SK",1,"Scheme",17
1859,2018,24,"Slovakia","SK",2,"Individual application",0
1860,2018,24,"Slovakia","SK",3,"Ad hoc",12
1861,2018,25,"Slovenia","SI",1,"Scheme",23
1862,2018,25,"Slovenia","SI",2,"Individual application",0
1863,2018,25,"Slovenia","SI",3,"Ad hoc",0
1864,2018,26,"Bulgaria","BG",1,"Scheme",15
1865,2018,26,"Bulgaria","BG",2,"Individual application",0
1866,2018,26,"Bulgaria","BG",3,"Ad hoc",1
1867,2018,27,"Romania","RO",1,"Scheme",21
1868,2018,27,"Romania","RO",2,"Individual application",0
1869,2018,27,"Romania","RO",3,"Ad hoc",2
1870,2018,28,"Croatia","HR",1,"Scheme",19
1871,2018,28,"Croatia","HR",2,"Individual application",1
1872,2018,28,"Croatia","HR",3,"Ad hoc",3
1873,2019,1,"Belgium","BE",1,"Scheme",79
1874,2019,1,"Belgium","BE",2,"Individual application",0
1875,2019,1,"Belgium","BE",3,"Ad hoc",124
1876,2019,2,"France","FR",1,"Scheme",39
1877,2019,2,"France","FR",2,"Individual application",2
1878,2019,2,"France","FR",3,"Ad hoc",3
1879,2019,3,"Germany","DE",1,"Scheme",322
1880,2019,3,"Germany","DE",2,"Individual application",3
1881,2019,3,"Germany","DE",3,"Ad hoc",163
1882,2019,4,"Italy","IT",1,"Scheme",252
1883,2019,4,"Italy","IT",2,"Individual application",1
1884,2019,4,"Italy","IT",3,"Ad hoc",60
1885,2019,5,"Luxembourg","LU",1,"Scheme",0
1886,2019,5,"Luxembourg","LU",2,"Individual application",0
1887,2019,5,"Luxembourg","LU",3,"Ad hoc",0
1888,2019,6,"Netherlands","NL",1,"Scheme",73
1889,2019,6,"Netherlands","NL",2,"Individual application",1
1890,2019,6,"Netherlands","NL",3,"Ad hoc",233
1891,2019,7,"Denmark","DK",1,"Scheme",27
1892,2019,7,"Denmark","DK",2,"Individual application",1
1893,2019,7,"Denmark","DK",3,"Ad hoc",21
1894,2019,8,"Ireland","IE",1,"Scheme",23
1895,2019,8,"Ireland","IE",2,"Individual application",0
1896,2019,8,"Ireland","IE",3,"Ad hoc",2
1897,2019,9,"United Kingdom","UK",1,"Scheme",47
1898,2019,9,"United Kingdom","UK",2,"Individual application",0
1899,2019,9,"United Kingdom","UK",3,"Ad hoc",20
1900,2019,10,"Greece","EL",1,"Scheme",152
1901,2019,10,"Greece","EL",2,"Individual application",0
1902,2019,10,"Greece","EL",3,"Ad hoc",9
1903,2019,11,"Portugal","PT",1,"Scheme",14
1904,2019,11,"Portugal","PT",2,"Individual application",0
1905,2019,11,"Portugal","PT",3,"Ad hoc",4
1906,2019,12,"Spain","ES",1,"Scheme",162
1907,2019,12,"Spain","ES",2,"Individual application",1
1908,2019,12,"Spain","ES",3,"Ad hoc",46
1909,2019,13,"Austria","AT",1,"Scheme",29
1910,2019,13,"Austria","AT",2,"Individual application",0
1911,2019,13,"Austria","AT",3,"Ad hoc",2
1912,2019,14,"Finland","FI",1,"Scheme",9
1913,2019,14,"Finland","FI",2,"Individual application",0
1914,2019,14,"Finland","FI",3,"Ad hoc",9
1915,2019,15,"Sweden","SE",1,"Scheme",23
1916,2019,15,"Sweden","SE",2,"Individual application",1
1917,2019,15,"Sweden","SE",3,"Ad hoc",33
1918,2019,16,"Cyprus","CY",1,"Scheme",4
1919,2019,16,"Cyprus","CY",2,"Individual application",0
1920,2019,16,"Cyprus","CY",3,"Ad hoc",1
1921,2019,17,"Czech Republic","CZ",1,"Scheme",46
1922,2019,17,"Czech Republic","CZ",2,"Individual application",2
1923,2019,17,"Czech Republic","CZ",3,"Ad hoc",126
1924,2019,18,"Estonia","EE",1,"Scheme",18
1925,2019,18,"Estonia","EE",2,"Individual application",0
1926,2019,18,"Estonia","EE",3,"Ad hoc",2
1927,2019,19,"Hungary","HU",1,"Scheme",32
1928,2019,19,"Hungary","HU",2,"Individual application",1
1929,2019,19,"Hungary","HU",3,"Ad hoc",260
1930,2019,20,"Latvia","LV",1,"Scheme",17
1931,2019,20,"Latvia","LV",2,"Individual application",0
1932,2019,20,"Latvia","LV",3,"Ad hoc",1
1933,2019,21,"Lithuania","LT",1,"Scheme",28
1934,2019,21,"Lithuania","LT",2,"Individual application",1
1935,2019,21,"Lithuania","LT",3,"Ad hoc",1
1936,2019,22,"Malta","MT",1,"Scheme",16
1937,2019,22,"Malta","MT",2,"Individual application",0
1938,2019,22,"Malta","MT",3,"Ad hoc",1
1939,2019,23,"Poland","PL",1,"Scheme",19
1940,2019,23,"Poland","PL",2,"Individual application",0
1941,2019,23,"Poland","PL",3,"Ad hoc",110
1942,2019,24,"Slovakia","SK",1,"Scheme",19
1943,2019,24,"Slovakia","SK",2,"Individual application",0
1944,2019,24,"Slovakia","SK",3,"Ad hoc",5
1945,2019,25,"Slovenia","SI",1,"Scheme",20
1946,2019,25,"Slovenia","SI",2,"Individual application",0
1947,2019,25,"Slovenia","SI",3,"Ad hoc",1
1948,2019,26,"Bulgaria","BG",1,"Scheme",15
1949,2019,26,"Bulgaria","BG",2,"Individual application",1
1950,2019,26,"Bulgaria","BG",3,"Ad hoc",0
1951,2019,27,"Romania","RO",1,"Scheme",11
1952,2019,27,"Romania","RO",2,"Individual application",0
1953,2019,27,"Romania","RO",3,"Ad hoc",2
1954,2019,28,"Croatia","HR",1,"Scheme",20
1955,2019,28,"Croatia","HR",2,"Individual application",0
1956,2019,28,"Croatia","HR",3,"Ad hoc",3
1957,2020,1,"Belgium","BE",1,"Scheme",50
1958,2020,1,"Belgium","BE",2,"Individual application",0
1959,2020,1,"Belgium","BE",3,"Ad hoc",16
1960,2020,2,"France","FR",1,"Scheme",30
1961,2020,2,"France","FR",2,"Individual application",0
1962,2020,2,"France","FR",3,"Ad hoc",3
1963,2020,3,"Germany","DE",1,"Scheme",141
1964,2020,3,"Germany","DE",2,"Individual application",0
1965,2020,3,"Germany","DE",3,"Ad hoc",127
1966,2020,4,"Italy","IT",1,"Scheme",126
1967,2020,4,"Italy","IT",2,"Individual application",0
1968,2020,4,"Italy","IT",3,"Ad hoc",7
1969,2020,5,"Luxembourg","LU",1,"Scheme",8
1970,2020,5,"Luxembourg","LU",2,"Individual application",0
1971,2020,5,"Luxembourg","LU",3,"Ad hoc",0
1972,2020,6,"Netherlands","NL",1,"Scheme",83
1973,2020,6,"Netherlands","NL",2,"Individual application",0
1974,2020,6,"Netherlands","NL",3,"Ad hoc",163
1975,2020,7,"Denmark","DK",1,"Scheme",42
1976,2020,7,"Denmark","DK",2,"Individual application",0
1977,2020,7,"Denmark","DK",3,"Ad hoc",7
1978,2020,8,"Ireland","IE",1,"Scheme",10
1979,2020,8,"Ireland","IE",2,"Individual application",0
1980,2020,8,"Ireland","IE",3,"Ad hoc",1
1981,2020,9,"United Kingdom","UK",1,"Scheme",40
1982,2020,9,"United Kingdom","UK",2,"Individual application",0
1983,2020,9,"United Kingdom","UK",3,"Ad hoc",15
1984,2020,10,"Greece","EL",1,"Scheme",62
1985,2020,10,"Greece","EL",2,"Individual application",0
1986,2020,10,"Greece","EL",3,"Ad hoc",6
1987,2020,11,"Portugal","PT",1,"Scheme",16
1988,2020,11,"Portugal","PT",2,"Individual application",0
1989,2020,11,"Portugal","PT",3,"Ad hoc",0
1990,2020,12,"Spain","ES",1,"Scheme",86
1991,2020,12,"Spain","ES",2,"Individual application",0
1992,2020,12,"Spain","ES",3,"Ad hoc",30
1993,2020,13,"Austria","AT",1,"Scheme",31
1994,2020,13,"Austria","AT",2,"Individual application",0
1995,2020,13,"Austria","AT",3,"Ad hoc",7
1996,2020,14,"Finland","FI",1,"Scheme",14
1997,2020,14,"Finland","FI",2,"Individual application",0
1998,2020,14,"Finland","FI",3,"Ad hoc",13
1999,2020,15,"Sweden","SE",1,"Scheme",34
2000,2020,15,"Sweden","SE",2,"Individual application",1
2001,2020,15,"Sweden","SE",3,"Ad hoc",38
2002,2020,16,"Cyprus","CY",1,"Scheme",7
2003,2020,16,"Cyprus","CY",2,"Individual application",0
2004,2020,16,"Cyprus","CY",3,"Ad hoc",0
2005,2020,17,"Czech Republic","CZ",1,"Scheme",37
2006,2020,17,"Czech Republic","CZ",2,"Individual application",0
2007,2020,17,"Czech Republic","CZ",3,"Ad hoc",28
2008,2020,18,"Estonia","EE",1,"Scheme",17
2009,2020,18,"Estonia","EE",2,"Individual application",0
2010,2020,18,"Estonia","EE",3,"Ad hoc",2
2011,2020,19,"Hungary","HU",1,"Scheme",37
2012,2020,19,"Hungary","HU",2,"Individual application",0
2013,2020,19,"Hungary","HU",3,"Ad hoc",6
2014,2020,20,"Latvia","LV",1,"Scheme",20
2015,2020,20,"Latvia","LV",2,"Individual application",1
2016,2020,20,"Latvia","LV",3,"Ad hoc",1
2017,2020,21,"Lithuania","LT",1,"Scheme",33
2018,2020,21,"Lithuania","LT",2,"Individual application",0
2019,2020,21,"Lithuania","LT",3,"Ad hoc",0
2020,2020,22,"Malta","MT",1,"Scheme",18
2021,2020,22,"Malta","MT",2,"Individual application",1
2022,2020,22,"Malta","MT",3,"Ad hoc",0
2023,2020,23,"Poland","PL",1,"Scheme",24
2024,2020,23,"Poland","PL",2,"Individual application",0
2025,2020,23,"Poland","PL",3,"Ad hoc",29
2026,2020,24,"Slovakia","SK",1,"Scheme",16
2027,2020,24,"Slovakia","SK",2,"Individual application",0
2028,2020,24,"Slovakia","SK",3,"Ad hoc",4
2029,2020,25,"Slovenia","SI",1,"Scheme",10
2030,2020,25,"Slovenia","SI",2,"Individual application",1
2031,2020,25,"Slovenia","SI",3,"Ad hoc",0
2032,2020,26,"Bulgaria","BG",1,"Scheme",11
2033,2020,26,"Bulgaria","BG",2,"Individual application",1
2034,2020,26,"Bulgaria","BG",3,"Ad hoc",0
2035,2020,27,"Romania","RO",1,"Scheme",13
2036,2020,27,"Romania","RO",2,"Individual application",2
2037,2020,27,"Romania","RO",3,"Ad hoc",0
2038,2020,28,"Croatia","HR",1,"Scheme",40
2039,2020,28,"Croatia","HR",2,"Individual application",1
2040,2020,28,"Croatia","HR",3,"Ad hoc",2
