"key_ID","year","directorate_general_ID","directorate_general","directorate_general_code","member_state_ID","member_state","member_state_code","count_cases"
12,1988,1,"Competition","COMP",12,"Spain","ES",1
147,1992,1,"Competition","COMP",3,"Germany","DE",1
148,1992,1,"Competition","COMP",4,"Italy","IT",1
181,1993,1,"Competition","COMP",1,"Belgium","BE",1
184,1993,1,"Competition","COMP",4,"Italy","IT",1
192,1993,1,"Competition","COMP",12,"Spain","ES",1
220,1994,1,"Competition","COMP",4,"Italy","IT",2
232,1994,2,"Agriculture and Rural Development","AGRI",4,"Italy","IT",1
238,1994,2,"Agriculture and Rural Development","AGRI",10,"Greece","EL",1
253,1995,1,"Competition","COMP",1,"Belgium","BE",1
254,1995,1,"Competition","COMP",2,"France","FR",1
255,1995,1,"Competition","COMP",3,"Germany","DE",1
256,1995,1,"Competition","COMP",4,"Italy","IT",2
258,1995,1,"Competition","COMP",6,"Netherlands","NL",1
261,1995,1,"Competition","COMP",9,"United Kingdom","UK",2
264,1995,1,"Competition","COMP",12,"Spain","ES",2
269,1995,2,"Agriculture and Rural Development","AGRI",2,"France","FR",1
270,1995,2,"Agriculture and Rural Development","AGRI",3,"Germany","DE",1
271,1995,2,"Agriculture and Rural Development","AGRI",4,"Italy","IT",4
296,1995,3,"Maritime Affairs and Fisheries","MARE",14,"Finland","FI",1
299,1996,1,"Competition","COMP",2,"France","FR",5
300,1996,1,"Competition","COMP",3,"Germany","DE",2
301,1996,1,"Competition","COMP",4,"Italy","IT",2
302,1996,1,"Competition","COMP",5,"Luxembourg","LU",1
303,1996,1,"Competition","COMP",6,"Netherlands","NL",1
304,1996,1,"Competition","COMP",7,"Denmark","DK",1
307,1996,1,"Competition","COMP",10,"Greece","EL",1
312,1996,1,"Competition","COMP",15,"Sweden","SE",1
316,1996,2,"Agriculture and Rural Development","AGRI",4,"Italy","IT",8
324,1996,2,"Agriculture and Rural Development","AGRI",12,"Spain","ES",1
325,1996,2,"Agriculture and Rural Development","AGRI",13,"Austria","AT",1
331,1996,3,"Maritime Affairs and Fisheries","MARE",4,"Italy","IT",1
344,1997,1,"Competition","COMP",2,"France","FR",3
345,1997,1,"Competition","COMP",3,"Germany","DE",20
346,1997,1,"Competition","COMP",4,"Italy","IT",10
348,1997,1,"Competition","COMP",6,"Netherlands","NL",1
350,1997,1,"Competition","COMP",8,"Ireland","IE",1
352,1997,1,"Competition","COMP",10,"Greece","EL",2
353,1997,1,"Competition","COMP",11,"Portugal","PT",2
354,1997,1,"Competition","COMP",12,"Spain","ES",10
357,1997,1,"Competition","COMP",15,"Sweden","SE",2
360,1997,2,"Agriculture and Rural Development","AGRI",3,"Germany","DE",4
361,1997,2,"Agriculture and Rural Development","AGRI",4,"Italy","IT",6
363,1997,2,"Agriculture and Rural Development","AGRI",6,"Netherlands","NL",1
367,1997,2,"Agriculture and Rural Development","AGRI",10,"Greece","EL",2
369,1997,2,"Agriculture and Rural Development","AGRI",12,"Spain","ES",1
370,1997,2,"Agriculture and Rural Development","AGRI",13,"Austria","AT",1
374,1997,3,"Maritime Affairs and Fisheries","MARE",2,"France","FR",2
375,1997,3,"Maritime Affairs and Fisheries","MARE",3,"Germany","DE",1
376,1997,3,"Maritime Affairs and Fisheries","MARE",4,"Italy","IT",6
383,1997,3,"Maritime Affairs and Fisheries","MARE",11,"Portugal","PT",1
388,1998,1,"Competition","COMP",1,"Belgium","BE",6
389,1998,1,"Competition","COMP",2,"France","FR",8
390,1998,1,"Competition","COMP",3,"Germany","DE",51
391,1998,1,"Competition","COMP",4,"Italy","IT",31
393,1998,1,"Competition","COMP",6,"Netherlands","NL",13
394,1998,1,"Competition","COMP",7,"Denmark","DK",4
395,1998,1,"Competition","COMP",8,"Ireland","IE",6
396,1998,1,"Competition","COMP",9,"United Kingdom","UK",8
397,1998,1,"Competition","COMP",10,"Greece","EL",3
398,1998,1,"Competition","COMP",11,"Portugal","PT",3
399,1998,1,"Competition","COMP",12,"Spain","ES",26
400,1998,1,"Competition","COMP",13,"Austria","AT",5
401,1998,1,"Competition","COMP",14,"Finland","FI",3
402,1998,1,"Competition","COMP",15,"Sweden","SE",2
403,1998,2,"Agriculture and Rural Development","AGRI",1,"Belgium","BE",3
404,1998,2,"Agriculture and Rural Development","AGRI",2,"France","FR",2
405,1998,2,"Agriculture and Rural Development","AGRI",3,"Germany","DE",19
406,1998,2,"Agriculture and Rural Development","AGRI",4,"Italy","IT",39
407,1998,2,"Agriculture and Rural Development","AGRI",5,"Luxembourg","LU",1
408,1998,2,"Agriculture and Rural Development","AGRI",6,"Netherlands","NL",10
409,1998,2,"Agriculture and Rural Development","AGRI",7,"Denmark","DK",4
410,1998,2,"Agriculture and Rural Development","AGRI",8,"Ireland","IE",1
411,1998,2,"Agriculture and Rural Development","AGRI",9,"United Kingdom","UK",3
412,1998,2,"Agriculture and Rural Development","AGRI",10,"Greece","EL",7
413,1998,2,"Agriculture and Rural Development","AGRI",11,"Portugal","PT",3
414,1998,2,"Agriculture and Rural Development","AGRI",12,"Spain","ES",6
415,1998,2,"Agriculture and Rural Development","AGRI",13,"Austria","AT",5
416,1998,2,"Agriculture and Rural Development","AGRI",14,"Finland","FI",2
417,1998,2,"Agriculture and Rural Development","AGRI",15,"Sweden","SE",1
419,1998,3,"Maritime Affairs and Fisheries","MARE",2,"France","FR",1
421,1998,3,"Maritime Affairs and Fisheries","MARE",4,"Italy","IT",7
423,1998,3,"Maritime Affairs and Fisheries","MARE",6,"Netherlands","NL",6
424,1998,3,"Maritime Affairs and Fisheries","MARE",7,"Denmark","DK",1
428,1998,3,"Maritime Affairs and Fisheries","MARE",11,"Portugal","PT",1
429,1998,3,"Maritime Affairs and Fisheries","MARE",12,"Spain","ES",1
433,1999,1,"Competition","COMP",1,"Belgium","BE",17
434,1999,1,"Competition","COMP",2,"France","FR",30
435,1999,1,"Competition","COMP",3,"Germany","DE",100
436,1999,1,"Competition","COMP",4,"Italy","IT",66
437,1999,1,"Competition","COMP",5,"Luxembourg","LU",1
438,1999,1,"Competition","COMP",6,"Netherlands","NL",27
439,1999,1,"Competition","COMP",7,"Denmark","DK",8
440,1999,1,"Competition","COMP",8,"Ireland","IE",8
441,1999,1,"Competition","COMP",9,"United Kingdom","UK",22
442,1999,1,"Competition","COMP",10,"Greece","EL",3
443,1999,1,"Competition","COMP",11,"Portugal","PT",10
444,1999,1,"Competition","COMP",12,"Spain","ES",79
445,1999,1,"Competition","COMP",13,"Austria","AT",29
446,1999,1,"Competition","COMP",14,"Finland","FI",9
447,1999,1,"Competition","COMP",15,"Sweden","SE",10
448,1999,2,"Agriculture and Rural Development","AGRI",1,"Belgium","BE",38
449,1999,2,"Agriculture and Rural Development","AGRI",2,"France","FR",10
450,1999,2,"Agriculture and Rural Development","AGRI",3,"Germany","DE",28
451,1999,2,"Agriculture and Rural Development","AGRI",4,"Italy","IT",56
452,1999,2,"Agriculture and Rural Development","AGRI",5,"Luxembourg","LU",4
453,1999,2,"Agriculture and Rural Development","AGRI",6,"Netherlands","NL",23
454,1999,2,"Agriculture and Rural Development","AGRI",7,"Denmark","DK",7
455,1999,2,"Agriculture and Rural Development","AGRI",8,"Ireland","IE",7
456,1999,2,"Agriculture and Rural Development","AGRI",9,"United Kingdom","UK",19
457,1999,2,"Agriculture and Rural Development","AGRI",10,"Greece","EL",7
458,1999,2,"Agriculture and Rural Development","AGRI",11,"Portugal","PT",7
459,1999,2,"Agriculture and Rural Development","AGRI",12,"Spain","ES",35
460,1999,2,"Agriculture and Rural Development","AGRI",13,"Austria","AT",8
461,1999,2,"Agriculture and Rural Development","AGRI",14,"Finland","FI",6
462,1999,2,"Agriculture and Rural Development","AGRI",15,"Sweden","SE",4
464,1999,3,"Maritime Affairs and Fisheries","MARE",2,"France","FR",3
465,1999,3,"Maritime Affairs and Fisheries","MARE",3,"Germany","DE",5
466,1999,3,"Maritime Affairs and Fisheries","MARE",4,"Italy","IT",8
468,1999,3,"Maritime Affairs and Fisheries","MARE",6,"Netherlands","NL",6
469,1999,3,"Maritime Affairs and Fisheries","MARE",7,"Denmark","DK",6
471,1999,3,"Maritime Affairs and Fisheries","MARE",9,"United Kingdom","UK",1
473,1999,3,"Maritime Affairs and Fisheries","MARE",11,"Portugal","PT",2
474,1999,3,"Maritime Affairs and Fisheries","MARE",12,"Spain","ES",10
478,2000,1,"Competition","COMP",1,"Belgium","BE",17
479,2000,1,"Competition","COMP",2,"France","FR",62
480,2000,1,"Competition","COMP",3,"Germany","DE",93
481,2000,1,"Competition","COMP",4,"Italy","IT",41
482,2000,1,"Competition","COMP",5,"Luxembourg","LU",2
483,2000,1,"Competition","COMP",6,"Netherlands","NL",31
484,2000,1,"Competition","COMP",7,"Denmark","DK",8
485,2000,1,"Competition","COMP",8,"Ireland","IE",12
486,2000,1,"Competition","COMP",9,"United Kingdom","UK",20
487,2000,1,"Competition","COMP",10,"Greece","EL",6
488,2000,1,"Competition","COMP",11,"Portugal","PT",16
489,2000,1,"Competition","COMP",12,"Spain","ES",69
490,2000,1,"Competition","COMP",13,"Austria","AT",17
491,2000,1,"Competition","COMP",14,"Finland","FI",14
492,2000,1,"Competition","COMP",15,"Sweden","SE",9
493,2000,2,"Agriculture and Rural Development","AGRI",1,"Belgium","BE",10
494,2000,2,"Agriculture and Rural Development","AGRI",2,"France","FR",15
495,2000,2,"Agriculture and Rural Development","AGRI",3,"Germany","DE",26
496,2000,2,"Agriculture and Rural Development","AGRI",4,"Italy","IT",56
497,2000,2,"Agriculture and Rural Development","AGRI",5,"Luxembourg","LU",1
498,2000,2,"Agriculture and Rural Development","AGRI",6,"Netherlands","NL",20
499,2000,2,"Agriculture and Rural Development","AGRI",7,"Denmark","DK",9
500,2000,2,"Agriculture and Rural Development","AGRI",8,"Ireland","IE",15
501,2000,2,"Agriculture and Rural Development","AGRI",9,"United Kingdom","UK",11
502,2000,2,"Agriculture and Rural Development","AGRI",10,"Greece","EL",10
504,2000,2,"Agriculture and Rural Development","AGRI",12,"Spain","ES",35
505,2000,2,"Agriculture and Rural Development","AGRI",13,"Austria","AT",12
506,2000,2,"Agriculture and Rural Development","AGRI",14,"Finland","FI",12
507,2000,2,"Agriculture and Rural Development","AGRI",15,"Sweden","SE",2
509,2000,3,"Maritime Affairs and Fisheries","MARE",2,"France","FR",4
510,2000,3,"Maritime Affairs and Fisheries","MARE",3,"Germany","DE",6
511,2000,3,"Maritime Affairs and Fisheries","MARE",4,"Italy","IT",2
513,2000,3,"Maritime Affairs and Fisheries","MARE",6,"Netherlands","NL",2
514,2000,3,"Maritime Affairs and Fisheries","MARE",7,"Denmark","DK",8
515,2000,3,"Maritime Affairs and Fisheries","MARE",8,"Ireland","IE",8
516,2000,3,"Maritime Affairs and Fisheries","MARE",9,"United Kingdom","UK",1
517,2000,3,"Maritime Affairs and Fisheries","MARE",10,"Greece","EL",3
518,2000,3,"Maritime Affairs and Fisheries","MARE",11,"Portugal","PT",5
519,2000,3,"Maritime Affairs and Fisheries","MARE",12,"Spain","ES",29
520,2000,3,"Maritime Affairs and Fisheries","MARE",13,"Austria","AT",1
521,2000,3,"Maritime Affairs and Fisheries","MARE",14,"Finland","FI",1
523,2001,1,"Competition","COMP",1,"Belgium","BE",22
524,2001,1,"Competition","COMP",2,"France","FR",35
525,2001,1,"Competition","COMP",3,"Germany","DE",114
526,2001,1,"Competition","COMP",4,"Italy","IT",88
527,2001,1,"Competition","COMP",5,"Luxembourg","LU",4
528,2001,1,"Competition","COMP",6,"Netherlands","NL",35
529,2001,1,"Competition","COMP",7,"Denmark","DK",18
530,2001,1,"Competition","COMP",8,"Ireland","IE",14
531,2001,1,"Competition","COMP",9,"United Kingdom","UK",45
532,2001,1,"Competition","COMP",10,"Greece","EL",13
533,2001,1,"Competition","COMP",11,"Portugal","PT",16
534,2001,1,"Competition","COMP",12,"Spain","ES",70
535,2001,1,"Competition","COMP",13,"Austria","AT",25
536,2001,1,"Competition","COMP",14,"Finland","FI",7
537,2001,1,"Competition","COMP",15,"Sweden","SE",9
538,2001,2,"Agriculture and Rural Development","AGRI",1,"Belgium","BE",5
539,2001,2,"Agriculture and Rural Development","AGRI",2,"France","FR",52
540,2001,2,"Agriculture and Rural Development","AGRI",3,"Germany","DE",50
541,2001,2,"Agriculture and Rural Development","AGRI",4,"Italy","IT",80
542,2001,2,"Agriculture and Rural Development","AGRI",5,"Luxembourg","LU",1
543,2001,2,"Agriculture and Rural Development","AGRI",6,"Netherlands","NL",18
544,2001,2,"Agriculture and Rural Development","AGRI",7,"Denmark","DK",7
545,2001,2,"Agriculture and Rural Development","AGRI",8,"Ireland","IE",4
546,2001,2,"Agriculture and Rural Development","AGRI",9,"United Kingdom","UK",16
547,2001,2,"Agriculture and Rural Development","AGRI",10,"Greece","EL",4
548,2001,2,"Agriculture and Rural Development","AGRI",11,"Portugal","PT",1
549,2001,2,"Agriculture and Rural Development","AGRI",12,"Spain","ES",54
550,2001,2,"Agriculture and Rural Development","AGRI",13,"Austria","AT",18
551,2001,2,"Agriculture and Rural Development","AGRI",14,"Finland","FI",3
552,2001,2,"Agriculture and Rural Development","AGRI",15,"Sweden","SE",4
553,2001,3,"Maritime Affairs and Fisheries","MARE",1,"Belgium","BE",3
554,2001,3,"Maritime Affairs and Fisheries","MARE",2,"France","FR",6
555,2001,3,"Maritime Affairs and Fisheries","MARE",3,"Germany","DE",12
556,2001,3,"Maritime Affairs and Fisheries","MARE",4,"Italy","IT",9
558,2001,3,"Maritime Affairs and Fisheries","MARE",6,"Netherlands","NL",5
559,2001,3,"Maritime Affairs and Fisheries","MARE",7,"Denmark","DK",1
560,2001,3,"Maritime Affairs and Fisheries","MARE",8,"Ireland","IE",4
561,2001,3,"Maritime Affairs and Fisheries","MARE",9,"United Kingdom","UK",10
563,2001,3,"Maritime Affairs and Fisheries","MARE",11,"Portugal","PT",8
564,2001,3,"Maritime Affairs and Fisheries","MARE",12,"Spain","ES",23
565,2001,3,"Maritime Affairs and Fisheries","MARE",13,"Austria","AT",1
566,2001,3,"Maritime Affairs and Fisheries","MARE",14,"Finland","FI",1
567,2001,3,"Maritime Affairs and Fisheries","MARE",15,"Sweden","SE",2
568,2002,1,"Competition","COMP",1,"Belgium","BE",16
569,2002,1,"Competition","COMP",2,"France","FR",39
570,2002,1,"Competition","COMP",3,"Germany","DE",146
571,2002,1,"Competition","COMP",4,"Italy","IT",114
572,2002,1,"Competition","COMP",5,"Luxembourg","LU",2
573,2002,1,"Competition","COMP",6,"Netherlands","NL",31
574,2002,1,"Competition","COMP",7,"Denmark","DK",8
575,2002,1,"Competition","COMP",8,"Ireland","IE",10
576,2002,1,"Competition","COMP",9,"United Kingdom","UK",87
577,2002,1,"Competition","COMP",10,"Greece","EL",17
578,2002,1,"Competition","COMP",11,"Portugal","PT",13
579,2002,1,"Competition","COMP",12,"Spain","ES",68
580,2002,1,"Competition","COMP",13,"Austria","AT",20
581,2002,1,"Competition","COMP",14,"Finland","FI",10
582,2002,1,"Competition","COMP",15,"Sweden","SE",9
583,2002,2,"Agriculture and Rural Development","AGRI",1,"Belgium","BE",8
584,2002,2,"Agriculture and Rural Development","AGRI",2,"France","FR",58
585,2002,2,"Agriculture and Rural Development","AGRI",3,"Germany","DE",47
586,2002,2,"Agriculture and Rural Development","AGRI",4,"Italy","IT",63
587,2002,2,"Agriculture and Rural Development","AGRI",5,"Luxembourg","LU",2
588,2002,2,"Agriculture and Rural Development","AGRI",6,"Netherlands","NL",23
589,2002,2,"Agriculture and Rural Development","AGRI",7,"Denmark","DK",7
590,2002,2,"Agriculture and Rural Development","AGRI",8,"Ireland","IE",4
591,2002,2,"Agriculture and Rural Development","AGRI",9,"United Kingdom","UK",29
592,2002,2,"Agriculture and Rural Development","AGRI",10,"Greece","EL",6
593,2002,2,"Agriculture and Rural Development","AGRI",11,"Portugal","PT",2
594,2002,2,"Agriculture and Rural Development","AGRI",12,"Spain","ES",43
595,2002,2,"Agriculture and Rural Development","AGRI",13,"Austria","AT",6
596,2002,2,"Agriculture and Rural Development","AGRI",14,"Finland","FI",5
597,2002,2,"Agriculture and Rural Development","AGRI",15,"Sweden","SE",2
598,2002,3,"Maritime Affairs and Fisheries","MARE",1,"Belgium","BE",3
599,2002,3,"Maritime Affairs and Fisheries","MARE",2,"France","FR",1
600,2002,3,"Maritime Affairs and Fisheries","MARE",3,"Germany","DE",6
601,2002,3,"Maritime Affairs and Fisheries","MARE",4,"Italy","IT",27
603,2002,3,"Maritime Affairs and Fisheries","MARE",6,"Netherlands","NL",5
604,2002,3,"Maritime Affairs and Fisheries","MARE",7,"Denmark","DK",2
605,2002,3,"Maritime Affairs and Fisheries","MARE",8,"Ireland","IE",1
608,2002,3,"Maritime Affairs and Fisheries","MARE",11,"Portugal","PT",9
609,2002,3,"Maritime Affairs and Fisheries","MARE",12,"Spain","ES",14
612,2002,3,"Maritime Affairs and Fisheries","MARE",15,"Sweden","SE",1
613,2003,1,"Competition","COMP",1,"Belgium","BE",31
614,2003,1,"Competition","COMP",2,"France","FR",48
615,2003,1,"Competition","COMP",3,"Germany","DE",96
616,2003,1,"Competition","COMP",4,"Italy","IT",126
617,2003,1,"Competition","COMP",5,"Luxembourg","LU",2
618,2003,1,"Competition","COMP",6,"Netherlands","NL",30
619,2003,1,"Competition","COMP",7,"Denmark","DK",13
620,2003,1,"Competition","COMP",8,"Ireland","IE",8
621,2003,1,"Competition","COMP",9,"United Kingdom","UK",100
622,2003,1,"Competition","COMP",10,"Greece","EL",15
623,2003,1,"Competition","COMP",11,"Portugal","PT",9
624,2003,1,"Competition","COMP",12,"Spain","ES",45
625,2003,1,"Competition","COMP",13,"Austria","AT",10
626,2003,1,"Competition","COMP",14,"Finland","FI",5
627,2003,1,"Competition","COMP",15,"Sweden","SE",11
628,2003,2,"Agriculture and Rural Development","AGRI",1,"Belgium","BE",6
629,2003,2,"Agriculture and Rural Development","AGRI",2,"France","FR",30
630,2003,2,"Agriculture and Rural Development","AGRI",3,"Germany","DE",37
631,2003,2,"Agriculture and Rural Development","AGRI",4,"Italy","IT",80
633,2003,2,"Agriculture and Rural Development","AGRI",6,"Netherlands","NL",18
634,2003,2,"Agriculture and Rural Development","AGRI",7,"Denmark","DK",4
635,2003,2,"Agriculture and Rural Development","AGRI",8,"Ireland","IE",2
636,2003,2,"Agriculture and Rural Development","AGRI",9,"United Kingdom","UK",24
637,2003,2,"Agriculture and Rural Development","AGRI",10,"Greece","EL",3
638,2003,2,"Agriculture and Rural Development","AGRI",11,"Portugal","PT",4
639,2003,2,"Agriculture and Rural Development","AGRI",12,"Spain","ES",30
640,2003,2,"Agriculture and Rural Development","AGRI",13,"Austria","AT",7
641,2003,2,"Agriculture and Rural Development","AGRI",14,"Finland","FI",5
642,2003,2,"Agriculture and Rural Development","AGRI",15,"Sweden","SE",1
643,2003,3,"Maritime Affairs and Fisheries","MARE",1,"Belgium","BE",1
644,2003,3,"Maritime Affairs and Fisheries","MARE",2,"France","FR",4
645,2003,3,"Maritime Affairs and Fisheries","MARE",3,"Germany","DE",2
646,2003,3,"Maritime Affairs and Fisheries","MARE",4,"Italy","IT",10
648,2003,3,"Maritime Affairs and Fisheries","MARE",6,"Netherlands","NL",5
651,2003,3,"Maritime Affairs and Fisheries","MARE",9,"United Kingdom","UK",6
654,2003,3,"Maritime Affairs and Fisheries","MARE",12,"Spain","ES",1
656,2003,3,"Maritime Affairs and Fisheries","MARE",14,"Finland","FI",1
658,2004,1,"Competition","COMP",1,"Belgium","BE",36
659,2004,1,"Competition","COMP",2,"France","FR",36
660,2004,1,"Competition","COMP",3,"Germany","DE",88
661,2004,1,"Competition","COMP",4,"Italy","IT",95
662,2004,1,"Competition","COMP",5,"Luxembourg","LU",2
663,2004,1,"Competition","COMP",6,"Netherlands","NL",26
664,2004,1,"Competition","COMP",7,"Denmark","DK",14
665,2004,1,"Competition","COMP",8,"Ireland","IE",16
666,2004,1,"Competition","COMP",9,"United Kingdom","UK",84
667,2004,1,"Competition","COMP",10,"Greece","EL",14
668,2004,1,"Competition","COMP",11,"Portugal","PT",11
669,2004,1,"Competition","COMP",12,"Spain","ES",46
670,2004,1,"Competition","COMP",13,"Austria","AT",11
671,2004,1,"Competition","COMP",14,"Finland","FI",8
672,2004,1,"Competition","COMP",15,"Sweden","SE",7
673,2004,1,"Competition","COMP",16,"Cyprus","CY",1
674,2004,1,"Competition","COMP",17,"Czech Republic","CZ",21
675,2004,1,"Competition","COMP",18,"Estonia","EE",6
676,2004,1,"Competition","COMP",19,"Hungary","HU",7
677,2004,1,"Competition","COMP",20,"Latvia","LV",4
678,2004,1,"Competition","COMP",21,"Lithuania","LT",3
679,2004,1,"Competition","COMP",22,"Malta","MT",2
680,2004,1,"Competition","COMP",23,"Poland","PL",33
681,2004,1,"Competition","COMP",24,"Slovakia","SK",5
682,2004,1,"Competition","COMP",25,"Slovenia","SI",5
683,2004,2,"Agriculture and Rural Development","AGRI",1,"Belgium","BE",10
684,2004,2,"Agriculture and Rural Development","AGRI",2,"France","FR",31
685,2004,2,"Agriculture and Rural Development","AGRI",3,"Germany","DE",33
686,2004,2,"Agriculture and Rural Development","AGRI",4,"Italy","IT",148
687,2004,2,"Agriculture and Rural Development","AGRI",5,"Luxembourg","LU",3
688,2004,2,"Agriculture and Rural Development","AGRI",6,"Netherlands","NL",15
689,2004,2,"Agriculture and Rural Development","AGRI",7,"Denmark","DK",6
690,2004,2,"Agriculture and Rural Development","AGRI",8,"Ireland","IE",3
691,2004,2,"Agriculture and Rural Development","AGRI",9,"United Kingdom","UK",24
692,2004,2,"Agriculture and Rural Development","AGRI",10,"Greece","EL",3
693,2004,2,"Agriculture and Rural Development","AGRI",11,"Portugal","PT",1
694,2004,2,"Agriculture and Rural Development","AGRI",12,"Spain","ES",27
695,2004,2,"Agriculture and Rural Development","AGRI",13,"Austria","AT",12
696,2004,2,"Agriculture and Rural Development","AGRI",14,"Finland","FI",6
697,2004,2,"Agriculture and Rural Development","AGRI",15,"Sweden","SE",2
698,2004,2,"Agriculture and Rural Development","AGRI",16,"Cyprus","CY",1
702,2004,2,"Agriculture and Rural Development","AGRI",20,"Latvia","LV",1
703,2004,2,"Agriculture and Rural Development","AGRI",21,"Lithuania","LT",1
709,2004,3,"Maritime Affairs and Fisheries","MARE",2,"France","FR",2
711,2004,3,"Maritime Affairs and Fisheries","MARE",4,"Italy","IT",8
713,2004,3,"Maritime Affairs and Fisheries","MARE",6,"Netherlands","NL",1
714,2004,3,"Maritime Affairs and Fisheries","MARE",7,"Denmark","DK",3
715,2004,3,"Maritime Affairs and Fisheries","MARE",8,"Ireland","IE",2
716,2004,3,"Maritime Affairs and Fisheries","MARE",9,"United Kingdom","UK",4
719,2004,3,"Maritime Affairs and Fisheries","MARE",12,"Spain","ES",1
732,2004,3,"Maritime Affairs and Fisheries","MARE",25,"Slovenia","SI",1
733,2005,1,"Competition","COMP",1,"Belgium","BE",12
734,2005,1,"Competition","COMP",2,"France","FR",24
735,2005,1,"Competition","COMP",3,"Germany","DE",76
736,2005,1,"Competition","COMP",4,"Italy","IT",86
737,2005,1,"Competition","COMP",5,"Luxembourg","LU",1
738,2005,1,"Competition","COMP",6,"Netherlands","NL",40
739,2005,1,"Competition","COMP",7,"Denmark","DK",14
740,2005,1,"Competition","COMP",8,"Ireland","IE",12
741,2005,1,"Competition","COMP",9,"United Kingdom","UK",106
742,2005,1,"Competition","COMP",10,"Greece","EL",18
743,2005,1,"Competition","COMP",11,"Portugal","PT",5
744,2005,1,"Competition","COMP",12,"Spain","ES",46
745,2005,1,"Competition","COMP",13,"Austria","AT",19
746,2005,1,"Competition","COMP",14,"Finland","FI",4
747,2005,1,"Competition","COMP",15,"Sweden","SE",15
748,2005,1,"Competition","COMP",16,"Cyprus","CY",5
749,2005,1,"Competition","COMP",17,"Czech Republic","CZ",30
750,2005,1,"Competition","COMP",18,"Estonia","EE",13
751,2005,1,"Competition","COMP",19,"Hungary","HU",14
752,2005,1,"Competition","COMP",20,"Latvia","LV",9
753,2005,1,"Competition","COMP",21,"Lithuania","LT",14
754,2005,1,"Competition","COMP",22,"Malta","MT",11
755,2005,1,"Competition","COMP",23,"Poland","PL",74
756,2005,1,"Competition","COMP",24,"Slovakia","SK",21
758,2005,2,"Agriculture and Rural Development","AGRI",1,"Belgium","BE",4
759,2005,2,"Agriculture and Rural Development","AGRI",2,"France","FR",35
760,2005,2,"Agriculture and Rural Development","AGRI",3,"Germany","DE",27
761,2005,2,"Agriculture and Rural Development","AGRI",4,"Italy","IT",80
763,2005,2,"Agriculture and Rural Development","AGRI",6,"Netherlands","NL",22
764,2005,2,"Agriculture and Rural Development","AGRI",7,"Denmark","DK",7
765,2005,2,"Agriculture and Rural Development","AGRI",8,"Ireland","IE",2
766,2005,2,"Agriculture and Rural Development","AGRI",9,"United Kingdom","UK",33
767,2005,2,"Agriculture and Rural Development","AGRI",10,"Greece","EL",2
768,2005,2,"Agriculture and Rural Development","AGRI",11,"Portugal","PT",4
769,2005,2,"Agriculture and Rural Development","AGRI",12,"Spain","ES",40
770,2005,2,"Agriculture and Rural Development","AGRI",13,"Austria","AT",4
771,2005,2,"Agriculture and Rural Development","AGRI",14,"Finland","FI",6
772,2005,2,"Agriculture and Rural Development","AGRI",15,"Sweden","SE",2
773,2005,2,"Agriculture and Rural Development","AGRI",16,"Cyprus","CY",1
774,2005,2,"Agriculture and Rural Development","AGRI",17,"Czech Republic","CZ",7
775,2005,2,"Agriculture and Rural Development","AGRI",18,"Estonia","EE",1
776,2005,2,"Agriculture and Rural Development","AGRI",19,"Hungary","HU",4
777,2005,2,"Agriculture and Rural Development","AGRI",20,"Latvia","LV",13
778,2005,2,"Agriculture and Rural Development","AGRI",21,"Lithuania","LT",7
780,2005,2,"Agriculture and Rural Development","AGRI",23,"Poland","PL",3
781,2005,2,"Agriculture and Rural Development","AGRI",24,"Slovakia","SK",2
782,2005,2,"Agriculture and Rural Development","AGRI",25,"Slovenia","SI",1
784,2005,3,"Maritime Affairs and Fisheries","MARE",2,"France","FR",1
786,2005,3,"Maritime Affairs and Fisheries","MARE",4,"Italy","IT",15
788,2005,3,"Maritime Affairs and Fisheries","MARE",6,"Netherlands","NL",4
791,2005,3,"Maritime Affairs and Fisheries","MARE",9,"United Kingdom","UK",7
793,2005,3,"Maritime Affairs and Fisheries","MARE",11,"Portugal","PT",2
794,2005,3,"Maritime Affairs and Fisheries","MARE",12,"Spain","ES",3
796,2005,3,"Maritime Affairs and Fisheries","MARE",14,"Finland","FI",1
800,2005,3,"Maritime Affairs and Fisheries","MARE",18,"Estonia","EE",1
802,2005,3,"Maritime Affairs and Fisheries","MARE",20,"Latvia","LV",1
803,2005,3,"Maritime Affairs and Fisheries","MARE",21,"Lithuania","LT",1
807,2005,3,"Maritime Affairs and Fisheries","MARE",25,"Slovenia","SI",1
808,2006,1,"Competition","COMP",1,"Belgium","BE",16
809,2006,1,"Competition","COMP",2,"France","FR",55
810,2006,1,"Competition","COMP",3,"Germany","DE",95
811,2006,1,"Competition","COMP",4,"Italy","IT",106
812,2006,1,"Competition","COMP",5,"Luxembourg","LU",1
813,2006,1,"Competition","COMP",6,"Netherlands","NL",50
814,2006,1,"Competition","COMP",7,"Denmark","DK",15
815,2006,1,"Competition","COMP",8,"Ireland","IE",14
816,2006,1,"Competition","COMP",9,"United Kingdom","UK",74
817,2006,1,"Competition","COMP",10,"Greece","EL",7
818,2006,1,"Competition","COMP",11,"Portugal","PT",10
819,2006,1,"Competition","COMP",12,"Spain","ES",51
820,2006,1,"Competition","COMP",13,"Austria","AT",20
821,2006,1,"Competition","COMP",14,"Finland","FI",10
822,2006,1,"Competition","COMP",15,"Sweden","SE",13
823,2006,1,"Competition","COMP",16,"Cyprus","CY",18
824,2006,1,"Competition","COMP",17,"Czech Republic","CZ",26
825,2006,1,"Competition","COMP",18,"Estonia","EE",12
826,2006,1,"Competition","COMP",19,"Hungary","HU",23
827,2006,1,"Competition","COMP",20,"Latvia","LV",7
828,2006,1,"Competition","COMP",21,"Lithuania","LT",2
829,2006,1,"Competition","COMP",22,"Malta","MT",8
830,2006,1,"Competition","COMP",23,"Poland","PL",72
831,2006,1,"Competition","COMP",24,"Slovakia","SK",39
832,2006,1,"Competition","COMP",25,"Slovenia","SI",5
833,2006,2,"Agriculture and Rural Development","AGRI",1,"Belgium","BE",6
834,2006,2,"Agriculture and Rural Development","AGRI",2,"France","FR",45
835,2006,2,"Agriculture and Rural Development","AGRI",3,"Germany","DE",22
836,2006,2,"Agriculture and Rural Development","AGRI",4,"Italy","IT",101
838,2006,2,"Agriculture and Rural Development","AGRI",6,"Netherlands","NL",27
839,2006,2,"Agriculture and Rural Development","AGRI",7,"Denmark","DK",3
840,2006,2,"Agriculture and Rural Development","AGRI",8,"Ireland","IE",3
841,2006,2,"Agriculture and Rural Development","AGRI",9,"United Kingdom","UK",39
842,2006,2,"Agriculture and Rural Development","AGRI",10,"Greece","EL",5
843,2006,2,"Agriculture and Rural Development","AGRI",11,"Portugal","PT",2
844,2006,2,"Agriculture and Rural Development","AGRI",12,"Spain","ES",40
845,2006,2,"Agriculture and Rural Development","AGRI",13,"Austria","AT",15
846,2006,2,"Agriculture and Rural Development","AGRI",14,"Finland","FI",4
847,2006,2,"Agriculture and Rural Development","AGRI",15,"Sweden","SE",2
848,2006,2,"Agriculture and Rural Development","AGRI",16,"Cyprus","CY",3
849,2006,2,"Agriculture and Rural Development","AGRI",17,"Czech Republic","CZ",25
850,2006,2,"Agriculture and Rural Development","AGRI",18,"Estonia","EE",1
851,2006,2,"Agriculture and Rural Development","AGRI",19,"Hungary","HU",3
852,2006,2,"Agriculture and Rural Development","AGRI",20,"Latvia","LV",9
853,2006,2,"Agriculture and Rural Development","AGRI",21,"Lithuania","LT",5
854,2006,2,"Agriculture and Rural Development","AGRI",22,"Malta","MT",1
855,2006,2,"Agriculture and Rural Development","AGRI",23,"Poland","PL",9
856,2006,2,"Agriculture and Rural Development","AGRI",24,"Slovakia","SK",4
857,2006,2,"Agriculture and Rural Development","AGRI",25,"Slovenia","SI",2
858,2006,3,"Maritime Affairs and Fisheries","MARE",1,"Belgium","BE",1
861,2006,3,"Maritime Affairs and Fisheries","MARE",4,"Italy","IT",10
863,2006,3,"Maritime Affairs and Fisheries","MARE",6,"Netherlands","NL",9
865,2006,3,"Maritime Affairs and Fisheries","MARE",8,"Ireland","IE",1
866,2006,3,"Maritime Affairs and Fisheries","MARE",9,"United Kingdom","UK",3
867,2006,3,"Maritime Affairs and Fisheries","MARE",10,"Greece","EL",1
868,2006,3,"Maritime Affairs and Fisheries","MARE",11,"Portugal","PT",1
869,2006,3,"Maritime Affairs and Fisheries","MARE",12,"Spain","ES",5
871,2006,3,"Maritime Affairs and Fisheries","MARE",14,"Finland","FI",3
874,2006,3,"Maritime Affairs and Fisheries","MARE",17,"Czech Republic","CZ",6
875,2006,3,"Maritime Affairs and Fisheries","MARE",18,"Estonia","EE",2
883,2007,1,"Competition","COMP",1,"Belgium","BE",24
884,2007,1,"Competition","COMP",2,"France","FR",49
885,2007,1,"Competition","COMP",3,"Germany","DE",133
886,2007,1,"Competition","COMP",4,"Italy","IT",148
888,2007,1,"Competition","COMP",6,"Netherlands","NL",39
889,2007,1,"Competition","COMP",7,"Denmark","DK",18
890,2007,1,"Competition","COMP",8,"Ireland","IE",12
891,2007,1,"Competition","COMP",9,"United Kingdom","UK",59
892,2007,1,"Competition","COMP",10,"Greece","EL",20
893,2007,1,"Competition","COMP",11,"Portugal","PT",11
894,2007,1,"Competition","COMP",12,"Spain","ES",155
895,2007,1,"Competition","COMP",13,"Austria","AT",86
896,2007,1,"Competition","COMP",14,"Finland","FI",14
897,2007,1,"Competition","COMP",15,"Sweden","SE",10
898,2007,1,"Competition","COMP",16,"Cyprus","CY",19
899,2007,1,"Competition","COMP",17,"Czech Republic","CZ",47
900,2007,1,"Competition","COMP",18,"Estonia","EE",15
901,2007,1,"Competition","COMP",19,"Hungary","HU",47
902,2007,1,"Competition","COMP",20,"Latvia","LV",7
903,2007,1,"Competition","COMP",21,"Lithuania","LT",8
904,2007,1,"Competition","COMP",22,"Malta","MT",10
905,2007,1,"Competition","COMP",23,"Poland","PL",56
906,2007,1,"Competition","COMP",24,"Slovakia","SK",10
907,2007,1,"Competition","COMP",25,"Slovenia","SI",17
908,2007,1,"Competition","COMP",26,"Bulgaria","BG",8
909,2007,1,"Competition","COMP",27,"Romania","RO",15
910,2007,2,"Agriculture and Rural Development","AGRI",1,"Belgium","BE",19
911,2007,2,"Agriculture and Rural Development","AGRI",2,"France","FR",46
912,2007,2,"Agriculture and Rural Development","AGRI",3,"Germany","DE",38
913,2007,2,"Agriculture and Rural Development","AGRI",4,"Italy","IT",115
914,2007,2,"Agriculture and Rural Development","AGRI",5,"Luxembourg","LU",1
915,2007,2,"Agriculture and Rural Development","AGRI",6,"Netherlands","NL",36
916,2007,2,"Agriculture and Rural Development","AGRI",7,"Denmark","DK",8
917,2007,2,"Agriculture and Rural Development","AGRI",8,"Ireland","IE",31
918,2007,2,"Agriculture and Rural Development","AGRI",9,"United Kingdom","UK",56
919,2007,2,"Agriculture and Rural Development","AGRI",10,"Greece","EL",2
920,2007,2,"Agriculture and Rural Development","AGRI",11,"Portugal","PT",5
921,2007,2,"Agriculture and Rural Development","AGRI",12,"Spain","ES",76
922,2007,2,"Agriculture and Rural Development","AGRI",13,"Austria","AT",7
923,2007,2,"Agriculture and Rural Development","AGRI",14,"Finland","FI",3
925,2007,2,"Agriculture and Rural Development","AGRI",16,"Cyprus","CY",8
926,2007,2,"Agriculture and Rural Development","AGRI",17,"Czech Republic","CZ",11
927,2007,2,"Agriculture and Rural Development","AGRI",18,"Estonia","EE",4
928,2007,2,"Agriculture and Rural Development","AGRI",19,"Hungary","HU",18
929,2007,2,"Agriculture and Rural Development","AGRI",20,"Latvia","LV",12
930,2007,2,"Agriculture and Rural Development","AGRI",21,"Lithuania","LT",22
932,2007,2,"Agriculture and Rural Development","AGRI",23,"Poland","PL",4
933,2007,2,"Agriculture and Rural Development","AGRI",24,"Slovakia","SK",9
934,2007,2,"Agriculture and Rural Development","AGRI",25,"Slovenia","SI",156
935,2007,2,"Agriculture and Rural Development","AGRI",26,"Bulgaria","BG",1
937,2007,3,"Maritime Affairs and Fisheries","MARE",1,"Belgium","BE",1
938,2007,3,"Maritime Affairs and Fisheries","MARE",2,"France","FR",3
939,2007,3,"Maritime Affairs and Fisheries","MARE",3,"Germany","DE",2
940,2007,3,"Maritime Affairs and Fisheries","MARE",4,"Italy","IT",2
942,2007,3,"Maritime Affairs and Fisheries","MARE",6,"Netherlands","NL",6
944,2007,3,"Maritime Affairs and Fisheries","MARE",8,"Ireland","IE",3
945,2007,3,"Maritime Affairs and Fisheries","MARE",9,"United Kingdom","UK",5
947,2007,3,"Maritime Affairs and Fisheries","MARE",11,"Portugal","PT",1
948,2007,3,"Maritime Affairs and Fisheries","MARE",12,"Spain","ES",4
956,2007,3,"Maritime Affairs and Fisheries","MARE",20,"Latvia","LV",1
964,2008,1,"Competition","COMP",1,"Belgium","BE",48
965,2008,1,"Competition","COMP",2,"France","FR",53
966,2008,1,"Competition","COMP",3,"Germany","DE",161
967,2008,1,"Competition","COMP",4,"Italy","IT",130
968,2008,1,"Competition","COMP",5,"Luxembourg","LU",4
969,2008,1,"Competition","COMP",6,"Netherlands","NL",43
970,2008,1,"Competition","COMP",7,"Denmark","DK",18
971,2008,1,"Competition","COMP",8,"Ireland","IE",13
972,2008,1,"Competition","COMP",9,"United Kingdom","UK",55
973,2008,1,"Competition","COMP",10,"Greece","EL",14
974,2008,1,"Competition","COMP",11,"Portugal","PT",13
975,2008,1,"Competition","COMP",12,"Spain","ES",128
976,2008,1,"Competition","COMP",13,"Austria","AT",43
977,2008,1,"Competition","COMP",14,"Finland","FI",8
978,2008,1,"Competition","COMP",15,"Sweden","SE",8
979,2008,1,"Competition","COMP",16,"Cyprus","CY",10
980,2008,1,"Competition","COMP",17,"Czech Republic","CZ",75
981,2008,1,"Competition","COMP",18,"Estonia","EE",13
982,2008,1,"Competition","COMP",19,"Hungary","HU",32
983,2008,1,"Competition","COMP",20,"Latvia","LV",23
984,2008,1,"Competition","COMP",21,"Lithuania","LT",16
985,2008,1,"Competition","COMP",22,"Malta","MT",5
986,2008,1,"Competition","COMP",23,"Poland","PL",105
987,2008,1,"Competition","COMP",24,"Slovakia","SK",14
988,2008,1,"Competition","COMP",25,"Slovenia","SI",8
989,2008,1,"Competition","COMP",26,"Bulgaria","BG",7
990,2008,1,"Competition","COMP",27,"Romania","RO",15
991,2008,2,"Agriculture and Rural Development","AGRI",1,"Belgium","BE",16
992,2008,2,"Agriculture and Rural Development","AGRI",2,"France","FR",55
993,2008,2,"Agriculture and Rural Development","AGRI",3,"Germany","DE",45
994,2008,2,"Agriculture and Rural Development","AGRI",4,"Italy","IT",104
995,2008,2,"Agriculture and Rural Development","AGRI",5,"Luxembourg","LU",6
996,2008,2,"Agriculture and Rural Development","AGRI",6,"Netherlands","NL",21
997,2008,2,"Agriculture and Rural Development","AGRI",7,"Denmark","DK",21
998,2008,2,"Agriculture and Rural Development","AGRI",8,"Ireland","IE",9
999,2008,2,"Agriculture and Rural Development","AGRI",9,"United Kingdom","UK",29
1000,2008,2,"Agriculture and Rural Development","AGRI",10,"Greece","EL",5
1002,2008,2,"Agriculture and Rural Development","AGRI",12,"Spain","ES",115
1003,2008,2,"Agriculture and Rural Development","AGRI",13,"Austria","AT",8
1004,2008,2,"Agriculture and Rural Development","AGRI",14,"Finland","FI",11
1005,2008,2,"Agriculture and Rural Development","AGRI",15,"Sweden","SE",2
1006,2008,2,"Agriculture and Rural Development","AGRI",16,"Cyprus","CY",15
1007,2008,2,"Agriculture and Rural Development","AGRI",17,"Czech Republic","CZ",3
1008,2008,2,"Agriculture and Rural Development","AGRI",18,"Estonia","EE",7
1009,2008,2,"Agriculture and Rural Development","AGRI",19,"Hungary","HU",3
1010,2008,2,"Agriculture and Rural Development","AGRI",20,"Latvia","LV",14
1011,2008,2,"Agriculture and Rural Development","AGRI",21,"Lithuania","LT",7
1013,2008,2,"Agriculture and Rural Development","AGRI",23,"Poland","PL",5
1014,2008,2,"Agriculture and Rural Development","AGRI",24,"Slovakia","SK",5
1015,2008,2,"Agriculture and Rural Development","AGRI",25,"Slovenia","SI",47
1017,2008,2,"Agriculture and Rural Development","AGRI",27,"Romania","RO",1
1019,2008,3,"Maritime Affairs and Fisheries","MARE",2,"France","FR",3
1034,2008,3,"Maritime Affairs and Fisheries","MARE",17,"Czech Republic","CZ",2
1035,2008,3,"Maritime Affairs and Fisheries","MARE",18,"Estonia","EE",1
1045,2009,1,"Competition","COMP",1,"Belgium","BE",32
1046,2009,1,"Competition","COMP",2,"France","FR",49
1047,2009,1,"Competition","COMP",3,"Germany","DE",255
1048,2009,1,"Competition","COMP",4,"Italy","IT",238
1049,2009,1,"Competition","COMP",5,"Luxembourg","LU",8
1050,2009,1,"Competition","COMP",6,"Netherlands","NL",55
1051,2009,1,"Competition","COMP",7,"Denmark","DK",26
1052,2009,1,"Competition","COMP",8,"Ireland","IE",23
1053,2009,1,"Competition","COMP",9,"United Kingdom","UK",93
1054,2009,1,"Competition","COMP",10,"Greece","EL",14
1055,2009,1,"Competition","COMP",11,"Portugal","PT",13
1056,2009,1,"Competition","COMP",12,"Spain","ES",174
1057,2009,1,"Competition","COMP",13,"Austria","AT",68
1058,2009,1,"Competition","COMP",14,"Finland","FI",26
1059,2009,1,"Competition","COMP",15,"Sweden","SE",19
1060,2009,1,"Competition","COMP",16,"Cyprus","CY",18
1061,2009,1,"Competition","COMP",17,"Czech Republic","CZ",43
1062,2009,1,"Competition","COMP",18,"Estonia","EE",20
1063,2009,1,"Competition","COMP",19,"Hungary","HU",36
1064,2009,1,"Competition","COMP",20,"Latvia","LV",23
1065,2009,1,"Competition","COMP",21,"Lithuania","LT",17
1066,2009,1,"Competition","COMP",22,"Malta","MT",10
1067,2009,1,"Competition","COMP",23,"Poland","PL",139
1068,2009,1,"Competition","COMP",24,"Slovakia","SK",22
1069,2009,1,"Competition","COMP",25,"Slovenia","SI",26
1070,2009,1,"Competition","COMP",26,"Bulgaria","BG",7
1071,2009,1,"Competition","COMP",27,"Romania","RO",19
1072,2009,2,"Agriculture and Rural Development","AGRI",1,"Belgium","BE",23
1073,2009,2,"Agriculture and Rural Development","AGRI",2,"France","FR",51
1074,2009,2,"Agriculture and Rural Development","AGRI",3,"Germany","DE",44
1075,2009,2,"Agriculture and Rural Development","AGRI",4,"Italy","IT",53
1076,2009,2,"Agriculture and Rural Development","AGRI",5,"Luxembourg","LU",1
1077,2009,2,"Agriculture and Rural Development","AGRI",6,"Netherlands","NL",17
1078,2009,2,"Agriculture and Rural Development","AGRI",7,"Denmark","DK",3
1079,2009,2,"Agriculture and Rural Development","AGRI",8,"Ireland","IE",3
1080,2009,2,"Agriculture and Rural Development","AGRI",9,"United Kingdom","UK",17
1081,2009,2,"Agriculture and Rural Development","AGRI",10,"Greece","EL",3
1083,2009,2,"Agriculture and Rural Development","AGRI",12,"Spain","ES",98
1084,2009,2,"Agriculture and Rural Development","AGRI",13,"Austria","AT",9
1085,2009,2,"Agriculture and Rural Development","AGRI",14,"Finland","FI",4
1087,2009,2,"Agriculture and Rural Development","AGRI",16,"Cyprus","CY",10
1088,2009,2,"Agriculture and Rural Development","AGRI",17,"Czech Republic","CZ",7
1089,2009,2,"Agriculture and Rural Development","AGRI",18,"Estonia","EE",4
1090,2009,2,"Agriculture and Rural Development","AGRI",19,"Hungary","HU",8
1091,2009,2,"Agriculture and Rural Development","AGRI",20,"Latvia","LV",7
1092,2009,2,"Agriculture and Rural Development","AGRI",21,"Lithuania","LT",9
1094,2009,2,"Agriculture and Rural Development","AGRI",23,"Poland","PL",3
1095,2009,2,"Agriculture and Rural Development","AGRI",24,"Slovakia","SK",11
1096,2009,2,"Agriculture and Rural Development","AGRI",25,"Slovenia","SI",6
1097,2009,2,"Agriculture and Rural Development","AGRI",26,"Bulgaria","BG",2
1098,2009,2,"Agriculture and Rural Development","AGRI",27,"Romania","RO",1
1100,2009,3,"Maritime Affairs and Fisheries","MARE",2,"France","FR",2
1102,2009,3,"Maritime Affairs and Fisheries","MARE",4,"Italy","IT",5
1104,2009,3,"Maritime Affairs and Fisheries","MARE",6,"Netherlands","NL",3
1105,2009,3,"Maritime Affairs and Fisheries","MARE",7,"Denmark","DK",1
1107,2009,3,"Maritime Affairs and Fisheries","MARE",9,"United Kingdom","UK",2
1108,2009,3,"Maritime Affairs and Fisheries","MARE",10,"Greece","EL",1
1110,2009,3,"Maritime Affairs and Fisheries","MARE",12,"Spain","ES",2
1116,2009,3,"Maritime Affairs and Fisheries","MARE",18,"Estonia","EE",1
1122,2009,3,"Maritime Affairs and Fisheries","MARE",24,"Slovakia","SK",1
1126,2010,1,"Competition","COMP",1,"Belgium","BE",12
1127,2010,1,"Competition","COMP",2,"France","FR",30
1128,2010,1,"Competition","COMP",3,"Germany","DE",119
1129,2010,1,"Competition","COMP",4,"Italy","IT",121
1130,2010,1,"Competition","COMP",5,"Luxembourg","LU",2
1131,2010,1,"Competition","COMP",6,"Netherlands","NL",36
1132,2010,1,"Competition","COMP",7,"Denmark","DK",24
1133,2010,1,"Competition","COMP",8,"Ireland","IE",17
1134,2010,1,"Competition","COMP",9,"United Kingdom","UK",43
1135,2010,1,"Competition","COMP",10,"Greece","EL",21
1136,2010,1,"Competition","COMP",11,"Portugal","PT",15
1137,2010,1,"Competition","COMP",12,"Spain","ES",126
1138,2010,1,"Competition","COMP",13,"Austria","AT",40
1139,2010,1,"Competition","COMP",14,"Finland","FI",11
1140,2010,1,"Competition","COMP",15,"Sweden","SE",10
1141,2010,1,"Competition","COMP",16,"Cyprus","CY",3
1142,2010,1,"Competition","COMP",17,"Czech Republic","CZ",24
1143,2010,1,"Competition","COMP",18,"Estonia","EE",10
1144,2010,1,"Competition","COMP",19,"Hungary","HU",31
1145,2010,1,"Competition","COMP",20,"Latvia","LV",26
1146,2010,1,"Competition","COMP",21,"Lithuania","LT",9
1147,2010,1,"Competition","COMP",22,"Malta","MT",3
1148,2010,1,"Competition","COMP",23,"Poland","PL",59
1149,2010,1,"Competition","COMP",24,"Slovakia","SK",8
1150,2010,1,"Competition","COMP",25,"Slovenia","SI",21
1151,2010,1,"Competition","COMP",26,"Bulgaria","BG",18
1152,2010,1,"Competition","COMP",27,"Romania","RO",6
1153,2010,2,"Agriculture and Rural Development","AGRI",1,"Belgium","BE",16
1154,2010,2,"Agriculture and Rural Development","AGRI",2,"France","FR",37
1155,2010,2,"Agriculture and Rural Development","AGRI",3,"Germany","DE",35
1156,2010,2,"Agriculture and Rural Development","AGRI",4,"Italy","IT",63
1158,2010,2,"Agriculture and Rural Development","AGRI",6,"Netherlands","NL",23
1159,2010,2,"Agriculture and Rural Development","AGRI",7,"Denmark","DK",5
1160,2010,2,"Agriculture and Rural Development","AGRI",8,"Ireland","IE",4
1161,2010,2,"Agriculture and Rural Development","AGRI",9,"United Kingdom","UK",12
1162,2010,2,"Agriculture and Rural Development","AGRI",10,"Greece","EL",3
1163,2010,2,"Agriculture and Rural Development","AGRI",11,"Portugal","PT",1
1164,2010,2,"Agriculture and Rural Development","AGRI",12,"Spain","ES",61
1165,2010,2,"Agriculture and Rural Development","AGRI",13,"Austria","AT",2
1166,2010,2,"Agriculture and Rural Development","AGRI",14,"Finland","FI",5
1168,2010,2,"Agriculture and Rural Development","AGRI",16,"Cyprus","CY",18
1169,2010,2,"Agriculture and Rural Development","AGRI",17,"Czech Republic","CZ",13
1170,2010,2,"Agriculture and Rural Development","AGRI",18,"Estonia","EE",7
1171,2010,2,"Agriculture and Rural Development","AGRI",19,"Hungary","HU",2
1172,2010,2,"Agriculture and Rural Development","AGRI",20,"Latvia","LV",3
1173,2010,2,"Agriculture and Rural Development","AGRI",21,"Lithuania","LT",4
1175,2010,2,"Agriculture and Rural Development","AGRI",23,"Poland","PL",4
1176,2010,2,"Agriculture and Rural Development","AGRI",24,"Slovakia","SK",11
1177,2010,2,"Agriculture and Rural Development","AGRI",25,"Slovenia","SI",11
1178,2010,2,"Agriculture and Rural Development","AGRI",26,"Bulgaria","BG",9
1179,2010,2,"Agriculture and Rural Development","AGRI",27,"Romania","RO",7
1181,2010,3,"Maritime Affairs and Fisheries","MARE",2,"France","FR",6
1182,2010,3,"Maritime Affairs and Fisheries","MARE",3,"Germany","DE",2
1183,2010,3,"Maritime Affairs and Fisheries","MARE",4,"Italy","IT",5
1186,2010,3,"Maritime Affairs and Fisheries","MARE",7,"Denmark","DK",2
1187,2010,3,"Maritime Affairs and Fisheries","MARE",8,"Ireland","IE",6
1188,2010,3,"Maritime Affairs and Fisheries","MARE",9,"United Kingdom","UK",2
1189,2010,3,"Maritime Affairs and Fisheries","MARE",10,"Greece","EL",1
1191,2010,3,"Maritime Affairs and Fisheries","MARE",12,"Spain","ES",15
1193,2010,3,"Maritime Affairs and Fisheries","MARE",14,"Finland","FI",3
1196,2010,3,"Maritime Affairs and Fisheries","MARE",17,"Czech Republic","CZ",2
1197,2010,3,"Maritime Affairs and Fisheries","MARE",18,"Estonia","EE",2
1200,2010,3,"Maritime Affairs and Fisheries","MARE",21,"Lithuania","LT",1
1203,2010,3,"Maritime Affairs and Fisheries","MARE",24,"Slovakia","SK",1
1207,2011,1,"Competition","COMP",1,"Belgium","BE",21
1208,2011,1,"Competition","COMP",2,"France","FR",26
1209,2011,1,"Competition","COMP",3,"Germany","DE",104
1210,2011,1,"Competition","COMP",4,"Italy","IT",113
1211,2011,1,"Competition","COMP",5,"Luxembourg","LU",2
1212,2011,1,"Competition","COMP",6,"Netherlands","NL",35
1213,2011,1,"Competition","COMP",7,"Denmark","DK",29
1214,2011,1,"Competition","COMP",8,"Ireland","IE",17
1215,2011,1,"Competition","COMP",9,"United Kingdom","UK",54
1216,2011,1,"Competition","COMP",10,"Greece","EL",37
1217,2011,1,"Competition","COMP",11,"Portugal","PT",10
1218,2011,1,"Competition","COMP",12,"Spain","ES",85
1219,2011,1,"Competition","COMP",13,"Austria","AT",36
1220,2011,1,"Competition","COMP",14,"Finland","FI",6
1221,2011,1,"Competition","COMP",15,"Sweden","SE",12
1222,2011,1,"Competition","COMP",16,"Cyprus","CY",6
1223,2011,1,"Competition","COMP",17,"Czech Republic","CZ",28
1224,2011,1,"Competition","COMP",18,"Estonia","EE",10
1225,2011,1,"Competition","COMP",19,"Hungary","HU",18
1226,2011,1,"Competition","COMP",20,"Latvia","LV",14
1227,2011,1,"Competition","COMP",21,"Lithuania","LT",10
1228,2011,1,"Competition","COMP",22,"Malta","MT",4
1229,2011,1,"Competition","COMP",23,"Poland","PL",55
1230,2011,1,"Competition","COMP",24,"Slovakia","SK",4
1231,2011,1,"Competition","COMP",25,"Slovenia","SI",8
1232,2011,1,"Competition","COMP",26,"Bulgaria","BG",10
1233,2011,1,"Competition","COMP",27,"Romania","RO",12
1234,2011,2,"Agriculture and Rural Development","AGRI",1,"Belgium","BE",26
1235,2011,2,"Agriculture and Rural Development","AGRI",2,"France","FR",17
1236,2011,2,"Agriculture and Rural Development","AGRI",3,"Germany","DE",38
1237,2011,2,"Agriculture and Rural Development","AGRI",4,"Italy","IT",47
1238,2011,2,"Agriculture and Rural Development","AGRI",5,"Luxembourg","LU",2
1239,2011,2,"Agriculture and Rural Development","AGRI",6,"Netherlands","NL",21
1240,2011,2,"Agriculture and Rural Development","AGRI",7,"Denmark","DK",7
1241,2011,2,"Agriculture and Rural Development","AGRI",8,"Ireland","IE",2
1242,2011,2,"Agriculture and Rural Development","AGRI",9,"United Kingdom","UK",11
1243,2011,2,"Agriculture and Rural Development","AGRI",10,"Greece","EL",4
1244,2011,2,"Agriculture and Rural Development","AGRI",11,"Portugal","PT",2
1245,2011,2,"Agriculture and Rural Development","AGRI",12,"Spain","ES",33
1246,2011,2,"Agriculture and Rural Development","AGRI",13,"Austria","AT",1
1247,2011,2,"Agriculture and Rural Development","AGRI",14,"Finland","FI",5
1248,2011,2,"Agriculture and Rural Development","AGRI",15,"Sweden","SE",5
1249,2011,2,"Agriculture and Rural Development","AGRI",16,"Cyprus","CY",11
1250,2011,2,"Agriculture and Rural Development","AGRI",17,"Czech Republic","CZ",10
1251,2011,2,"Agriculture and Rural Development","AGRI",18,"Estonia","EE",3
1252,2011,2,"Agriculture and Rural Development","AGRI",19,"Hungary","HU",13
1253,2011,2,"Agriculture and Rural Development","AGRI",20,"Latvia","LV",4
1254,2011,2,"Agriculture and Rural Development","AGRI",21,"Lithuania","LT",3
1256,2011,2,"Agriculture and Rural Development","AGRI",23,"Poland","PL",5
1257,2011,2,"Agriculture and Rural Development","AGRI",24,"Slovakia","SK",1
1258,2011,2,"Agriculture and Rural Development","AGRI",25,"Slovenia","SI",6
1259,2011,2,"Agriculture and Rural Development","AGRI",26,"Bulgaria","BG",5
1260,2011,2,"Agriculture and Rural Development","AGRI",27,"Romania","RO",4
1262,2011,3,"Maritime Affairs and Fisheries","MARE",2,"France","FR",7
1263,2011,3,"Maritime Affairs and Fisheries","MARE",3,"Germany","DE",1
1264,2011,3,"Maritime Affairs and Fisheries","MARE",4,"Italy","IT",2
1266,2011,3,"Maritime Affairs and Fisheries","MARE",6,"Netherlands","NL",5
1267,2011,3,"Maritime Affairs and Fisheries","MARE",7,"Denmark","DK",2
1268,2011,3,"Maritime Affairs and Fisheries","MARE",8,"Ireland","IE",1
1271,2011,3,"Maritime Affairs and Fisheries","MARE",11,"Portugal","PT",1
1272,2011,3,"Maritime Affairs and Fisheries","MARE",12,"Spain","ES",15
1274,2011,3,"Maritime Affairs and Fisheries","MARE",14,"Finland","FI",1
1280,2011,3,"Maritime Affairs and Fisheries","MARE",20,"Latvia","LV",1
1288,2012,1,"Competition","COMP",1,"Belgium","BE",32
1289,2012,1,"Competition","COMP",2,"France","FR",24
1290,2012,1,"Competition","COMP",3,"Germany","DE",121
1291,2012,1,"Competition","COMP",4,"Italy","IT",93
1292,2012,1,"Competition","COMP",5,"Luxembourg","LU",4
1293,2012,1,"Competition","COMP",6,"Netherlands","NL",37
1294,2012,1,"Competition","COMP",7,"Denmark","DK",21
1295,2012,1,"Competition","COMP",8,"Ireland","IE",9
1296,2012,1,"Competition","COMP",9,"United Kingdom","UK",73
1297,2012,1,"Competition","COMP",10,"Greece","EL",52
1298,2012,1,"Competition","COMP",11,"Portugal","PT",13
1299,2012,1,"Competition","COMP",12,"Spain","ES",68
1300,2012,1,"Competition","COMP",13,"Austria","AT",19
1301,2012,1,"Competition","COMP",14,"Finland","FI",19
1302,2012,1,"Competition","COMP",15,"Sweden","SE",8
1303,2012,1,"Competition","COMP",16,"Cyprus","CY",14
1304,2012,1,"Competition","COMP",17,"Czech Republic","CZ",27
1305,2012,1,"Competition","COMP",18,"Estonia","EE",10
1306,2012,1,"Competition","COMP",19,"Hungary","HU",19
1307,2012,1,"Competition","COMP",20,"Latvia","LV",15
1308,2012,1,"Competition","COMP",21,"Lithuania","LT",17
1309,2012,1,"Competition","COMP",22,"Malta","MT",5
1310,2012,1,"Competition","COMP",23,"Poland","PL",58
1311,2012,1,"Competition","COMP",24,"Slovakia","SK",7
1312,2012,1,"Competition","COMP",25,"Slovenia","SI",12
1313,2012,1,"Competition","COMP",26,"Bulgaria","BG",4
1314,2012,1,"Competition","COMP",27,"Romania","RO",14
1315,2012,2,"Agriculture and Rural Development","AGRI",1,"Belgium","BE",46
1316,2012,2,"Agriculture and Rural Development","AGRI",2,"France","FR",18
1317,2012,2,"Agriculture and Rural Development","AGRI",3,"Germany","DE",19
1318,2012,2,"Agriculture and Rural Development","AGRI",4,"Italy","IT",35
1320,2012,2,"Agriculture and Rural Development","AGRI",6,"Netherlands","NL",11
1321,2012,2,"Agriculture and Rural Development","AGRI",7,"Denmark","DK",4
1322,2012,2,"Agriculture and Rural Development","AGRI",8,"Ireland","IE",2
1323,2012,2,"Agriculture and Rural Development","AGRI",9,"United Kingdom","UK",12
1324,2012,2,"Agriculture and Rural Development","AGRI",10,"Greece","EL",2
1325,2012,2,"Agriculture and Rural Development","AGRI",11,"Portugal","PT",4
1326,2012,2,"Agriculture and Rural Development","AGRI",12,"Spain","ES",30
1327,2012,2,"Agriculture and Rural Development","AGRI",13,"Austria","AT",1
1328,2012,2,"Agriculture and Rural Development","AGRI",14,"Finland","FI",1
1330,2012,2,"Agriculture and Rural Development","AGRI",16,"Cyprus","CY",9
1331,2012,2,"Agriculture and Rural Development","AGRI",17,"Czech Republic","CZ",12
1332,2012,2,"Agriculture and Rural Development","AGRI",18,"Estonia","EE",1
1333,2012,2,"Agriculture and Rural Development","AGRI",19,"Hungary","HU",4
1334,2012,2,"Agriculture and Rural Development","AGRI",20,"Latvia","LV",6
1335,2012,2,"Agriculture and Rural Development","AGRI",21,"Lithuania","LT",2
1337,2012,2,"Agriculture and Rural Development","AGRI",23,"Poland","PL",2
1338,2012,2,"Agriculture and Rural Development","AGRI",24,"Slovakia","SK",9
1339,2012,2,"Agriculture and Rural Development","AGRI",25,"Slovenia","SI",6
1340,2012,2,"Agriculture and Rural Development","AGRI",26,"Bulgaria","BG",10
1341,2012,2,"Agriculture and Rural Development","AGRI",27,"Romania","RO",1
1343,2012,3,"Maritime Affairs and Fisheries","MARE",2,"France","FR",2
1344,2012,3,"Maritime Affairs and Fisheries","MARE",3,"Germany","DE",1
1345,2012,3,"Maritime Affairs and Fisheries","MARE",4,"Italy","IT",13
1347,2012,3,"Maritime Affairs and Fisheries","MARE",6,"Netherlands","NL",2
1350,2012,3,"Maritime Affairs and Fisheries","MARE",9,"United Kingdom","UK",1
1353,2012,3,"Maritime Affairs and Fisheries","MARE",12,"Spain","ES",4
1358,2012,3,"Maritime Affairs and Fisheries","MARE",17,"Czech Republic","CZ",3
1361,2012,3,"Maritime Affairs and Fisheries","MARE",20,"Latvia","LV",1
1369,2013,1,"Competition","COMP",1,"Belgium","BE",36
1370,2013,1,"Competition","COMP",2,"France","FR",56
1371,2013,1,"Competition","COMP",3,"Germany","DE",132
1372,2013,1,"Competition","COMP",4,"Italy","IT",109
1373,2013,1,"Competition","COMP",5,"Luxembourg","LU",6
1374,2013,1,"Competition","COMP",6,"Netherlands","NL",51
1375,2013,1,"Competition","COMP",7,"Denmark","DK",29
1376,2013,1,"Competition","COMP",8,"Ireland","IE",15
1377,2013,1,"Competition","COMP",9,"United Kingdom","UK",51
1378,2013,1,"Competition","COMP",10,"Greece","EL",37
1379,2013,1,"Competition","COMP",11,"Portugal","PT",15
1380,2013,1,"Competition","COMP",12,"Spain","ES",78
1381,2013,1,"Competition","COMP",13,"Austria","AT",33
1382,2013,1,"Competition","COMP",14,"Finland","FI",16
1383,2013,1,"Competition","COMP",15,"Sweden","SE",18
1384,2013,1,"Competition","COMP",16,"Cyprus","CY",6
1385,2013,1,"Competition","COMP",17,"Czech Republic","CZ",28
1386,2013,1,"Competition","COMP",18,"Estonia","EE",12
1387,2013,1,"Competition","COMP",19,"Hungary","HU",25
1388,2013,1,"Competition","COMP",20,"Latvia","LV",23
1389,2013,1,"Competition","COMP",21,"Lithuania","LT",12
1390,2013,1,"Competition","COMP",22,"Malta","MT",5
1391,2013,1,"Competition","COMP",23,"Poland","PL",46
1392,2013,1,"Competition","COMP",24,"Slovakia","SK",7
1393,2013,1,"Competition","COMP",25,"Slovenia","SI",17
1394,2013,1,"Competition","COMP",26,"Bulgaria","BG",9
1395,2013,1,"Competition","COMP",27,"Romania","RO",11
1396,2013,1,"Competition","COMP",28,"Croatia","HR",13
1397,2013,2,"Agriculture and Rural Development","AGRI",1,"Belgium","BE",41
1398,2013,2,"Agriculture and Rural Development","AGRI",2,"France","FR",31
1399,2013,2,"Agriculture and Rural Development","AGRI",3,"Germany","DE",50
1400,2013,2,"Agriculture and Rural Development","AGRI",4,"Italy","IT",32
1402,2013,2,"Agriculture and Rural Development","AGRI",6,"Netherlands","NL",43
1403,2013,2,"Agriculture and Rural Development","AGRI",7,"Denmark","DK",2
1404,2013,2,"Agriculture and Rural Development","AGRI",8,"Ireland","IE",9
1405,2013,2,"Agriculture and Rural Development","AGRI",9,"United Kingdom","UK",12
1406,2013,2,"Agriculture and Rural Development","AGRI",10,"Greece","EL",2
1408,2013,2,"Agriculture and Rural Development","AGRI",12,"Spain","ES",24
1409,2013,2,"Agriculture and Rural Development","AGRI",13,"Austria","AT",6
1410,2013,2,"Agriculture and Rural Development","AGRI",14,"Finland","FI",4
1411,2013,2,"Agriculture and Rural Development","AGRI",15,"Sweden","SE",1
1412,2013,2,"Agriculture and Rural Development","AGRI",16,"Cyprus","CY",3
1413,2013,2,"Agriculture and Rural Development","AGRI",17,"Czech Republic","CZ",18
1414,2013,2,"Agriculture and Rural Development","AGRI",18,"Estonia","EE",5
1415,2013,2,"Agriculture and Rural Development","AGRI",19,"Hungary","HU",13
1416,2013,2,"Agriculture and Rural Development","AGRI",20,"Latvia","LV",10
1417,2013,2,"Agriculture and Rural Development","AGRI",21,"Lithuania","LT",6
1419,2013,2,"Agriculture and Rural Development","AGRI",23,"Poland","PL",6
1420,2013,2,"Agriculture and Rural Development","AGRI",24,"Slovakia","SK",2
1421,2013,2,"Agriculture and Rural Development","AGRI",25,"Slovenia","SI",4
1422,2013,2,"Agriculture and Rural Development","AGRI",26,"Bulgaria","BG",14
1423,2013,2,"Agriculture and Rural Development","AGRI",27,"Romania","RO",3
1426,2013,3,"Maritime Affairs and Fisheries","MARE",2,"France","FR",2
1427,2013,3,"Maritime Affairs and Fisheries","MARE",3,"Germany","DE",5
1428,2013,3,"Maritime Affairs and Fisheries","MARE",4,"Italy","IT",5
1430,2013,3,"Maritime Affairs and Fisheries","MARE",6,"Netherlands","NL",2
1431,2013,3,"Maritime Affairs and Fisheries","MARE",7,"Denmark","DK",1
1433,2013,3,"Maritime Affairs and Fisheries","MARE",9,"United Kingdom","UK",1
1436,2013,3,"Maritime Affairs and Fisheries","MARE",12,"Spain","ES",2
1441,2013,3,"Maritime Affairs and Fisheries","MARE",17,"Czech Republic","CZ",3
1442,2013,3,"Maritime Affairs and Fisheries","MARE",18,"Estonia","EE",2
1447,2013,3,"Maritime Affairs and Fisheries","MARE",23,"Poland","PL",1
1453,2014,1,"Competition","COMP",1,"Belgium","BE",54
1454,2014,1,"Competition","COMP",2,"France","FR",51
1455,2014,1,"Competition","COMP",3,"Germany","DE",157
1456,2014,1,"Competition","COMP",4,"Italy","IT",119
1457,2014,1,"Competition","COMP",5,"Luxembourg","LU",7
1458,2014,1,"Competition","COMP",6,"Netherlands","NL",62
1459,2014,1,"Competition","COMP",7,"Denmark","DK",29
1460,2014,1,"Competition","COMP",8,"Ireland","IE",19
1461,2014,1,"Competition","COMP",9,"United Kingdom","UK",100
1462,2014,1,"Competition","COMP",10,"Greece","EL",39
1463,2014,1,"Competition","COMP",11,"Portugal","PT",17
1464,2014,1,"Competition","COMP",12,"Spain","ES",87
1465,2014,1,"Competition","COMP",13,"Austria","AT",52
1466,2014,1,"Competition","COMP",14,"Finland","FI",15
1467,2014,1,"Competition","COMP",15,"Sweden","SE",13
1468,2014,1,"Competition","COMP",16,"Cyprus","CY",4
1469,2014,1,"Competition","COMP",17,"Czech Republic","CZ",62
1470,2014,1,"Competition","COMP",18,"Estonia","EE",9
1471,2014,1,"Competition","COMP",19,"Hungary","HU",62
1472,2014,1,"Competition","COMP",20,"Latvia","LV",21
1473,2014,1,"Competition","COMP",21,"Lithuania","LT",11
1474,2014,1,"Competition","COMP",22,"Malta","MT",8
1475,2014,1,"Competition","COMP",23,"Poland","PL",36
1476,2014,1,"Competition","COMP",24,"Slovakia","SK",9
1477,2014,1,"Competition","COMP",25,"Slovenia","SI",11
1478,2014,1,"Competition","COMP",26,"Bulgaria","BG",4
1479,2014,1,"Competition","COMP",27,"Romania","RO",18
1480,2014,1,"Competition","COMP",28,"Croatia","HR",17
1481,2014,2,"Agriculture and Rural Development","AGRI",1,"Belgium","BE",85
1482,2014,2,"Agriculture and Rural Development","AGRI",2,"France","FR",18
1483,2014,2,"Agriculture and Rural Development","AGRI",3,"Germany","DE",51
1484,2014,2,"Agriculture and Rural Development","AGRI",4,"Italy","IT",64
1486,2014,2,"Agriculture and Rural Development","AGRI",6,"Netherlands","NL",25
1487,2014,2,"Agriculture and Rural Development","AGRI",7,"Denmark","DK",6
1488,2014,2,"Agriculture and Rural Development","AGRI",8,"Ireland","IE",16
1489,2014,2,"Agriculture and Rural Development","AGRI",9,"United Kingdom","UK",48
1490,2014,2,"Agriculture and Rural Development","AGRI",10,"Greece","EL",2
1492,2014,2,"Agriculture and Rural Development","AGRI",12,"Spain","ES",28
1493,2014,2,"Agriculture and Rural Development","AGRI",13,"Austria","AT",6
1494,2014,2,"Agriculture and Rural Development","AGRI",14,"Finland","FI",15
1495,2014,2,"Agriculture and Rural Development","AGRI",15,"Sweden","SE",5
1496,2014,2,"Agriculture and Rural Development","AGRI",16,"Cyprus","CY",1
1497,2014,2,"Agriculture and Rural Development","AGRI",17,"Czech Republic","CZ",25
1498,2014,2,"Agriculture and Rural Development","AGRI",18,"Estonia","EE",1
1499,2014,2,"Agriculture and Rural Development","AGRI",19,"Hungary","HU",9
1500,2014,2,"Agriculture and Rural Development","AGRI",20,"Latvia","LV",3
1501,2014,2,"Agriculture and Rural Development","AGRI",21,"Lithuania","LT",7
1503,2014,2,"Agriculture and Rural Development","AGRI",23,"Poland","PL",3
1504,2014,2,"Agriculture and Rural Development","AGRI",24,"Slovakia","SK",1
1505,2014,2,"Agriculture and Rural Development","AGRI",25,"Slovenia","SI",5
1506,2014,2,"Agriculture and Rural Development","AGRI",26,"Bulgaria","BG",10
1507,2014,2,"Agriculture and Rural Development","AGRI",27,"Romania","RO",1
1509,2014,3,"Maritime Affairs and Fisheries","MARE",1,"Belgium","BE",2
1510,2014,3,"Maritime Affairs and Fisheries","MARE",2,"France","FR",2
1511,2014,3,"Maritime Affairs and Fisheries","MARE",3,"Germany","DE",2
1512,2014,3,"Maritime Affairs and Fisheries","MARE",4,"Italy","IT",4
1520,2014,3,"Maritime Affairs and Fisheries","MARE",12,"Spain","ES",1
1525,2014,3,"Maritime Affairs and Fisheries","MARE",17,"Czech Republic","CZ",1
1537,2015,1,"Competition","COMP",1,"Belgium","BE",34
1538,2015,1,"Competition","COMP",2,"France","FR",65
1539,2015,1,"Competition","COMP",3,"Germany","DE",822
1540,2015,1,"Competition","COMP",4,"Italy","IT",187
1541,2015,1,"Competition","COMP",5,"Luxembourg","LU",4
1542,2015,1,"Competition","COMP",6,"Netherlands","NL",194
1543,2015,1,"Competition","COMP",7,"Denmark","DK",30
1544,2015,1,"Competition","COMP",8,"Ireland","IE",12
1545,2015,1,"Competition","COMP",9,"United Kingdom","UK",82
1546,2015,1,"Competition","COMP",10,"Greece","EL",15
1547,2015,1,"Competition","COMP",11,"Portugal","PT",34
1548,2015,1,"Competition","COMP",12,"Spain","ES",172
1549,2015,1,"Competition","COMP",13,"Austria","AT",90
1550,2015,1,"Competition","COMP",14,"Finland","FI",29
1551,2015,1,"Competition","COMP",15,"Sweden","SE",29
1552,2015,1,"Competition","COMP",16,"Cyprus","CY",5
1553,2015,1,"Competition","COMP",17,"Czech Republic","CZ",194
1554,2015,1,"Competition","COMP",18,"Estonia","EE",25
1555,2015,1,"Competition","COMP",19,"Hungary","HU",36
1556,2015,1,"Competition","COMP",20,"Latvia","LV",18
1557,2015,1,"Competition","COMP",21,"Lithuania","LT",23
1558,2015,1,"Competition","COMP",22,"Malta","MT",8
1559,2015,1,"Competition","COMP",23,"Poland","PL",76
1560,2015,1,"Competition","COMP",24,"Slovakia","SK",20
1561,2015,1,"Competition","COMP",25,"Slovenia","SI",18
1562,2015,1,"Competition","COMP",26,"Bulgaria","BG",10
1563,2015,1,"Competition","COMP",27,"Romania","RO",17
1564,2015,1,"Competition","COMP",28,"Croatia","HR",20
1565,2015,2,"Agriculture and Rural Development","AGRI",1,"Belgium","BE",11
1566,2015,2,"Agriculture and Rural Development","AGRI",2,"France","FR",25
1567,2015,2,"Agriculture and Rural Development","AGRI",3,"Germany","DE",108
1568,2015,2,"Agriculture and Rural Development","AGRI",4,"Italy","IT",99
1569,2015,2,"Agriculture and Rural Development","AGRI",5,"Luxembourg","LU",4
1570,2015,2,"Agriculture and Rural Development","AGRI",6,"Netherlands","NL",38
1571,2015,2,"Agriculture and Rural Development","AGRI",7,"Denmark","DK",11
1572,2015,2,"Agriculture and Rural Development","AGRI",8,"Ireland","IE",8
1573,2015,2,"Agriculture and Rural Development","AGRI",9,"United Kingdom","UK",27
1574,2015,2,"Agriculture and Rural Development","AGRI",10,"Greece","EL",5
1575,2015,2,"Agriculture and Rural Development","AGRI",11,"Portugal","PT",6
1576,2015,2,"Agriculture and Rural Development","AGRI",12,"Spain","ES",76
1577,2015,2,"Agriculture and Rural Development","AGRI",13,"Austria","AT",26
1578,2015,2,"Agriculture and Rural Development","AGRI",14,"Finland","FI",9
1579,2015,2,"Agriculture and Rural Development","AGRI",15,"Sweden","SE",5
1580,2015,2,"Agriculture and Rural Development","AGRI",16,"Cyprus","CY",18
1581,2015,2,"Agriculture and Rural Development","AGRI",17,"Czech Republic","CZ",12
1582,2015,2,"Agriculture and Rural Development","AGRI",18,"Estonia","EE",15
1583,2015,2,"Agriculture and Rural Development","AGRI",19,"Hungary","HU",7
1584,2015,2,"Agriculture and Rural Development","AGRI",20,"Latvia","LV",19
1585,2015,2,"Agriculture and Rural Development","AGRI",21,"Lithuania","LT",14
1587,2015,2,"Agriculture and Rural Development","AGRI",23,"Poland","PL",15
1588,2015,2,"Agriculture and Rural Development","AGRI",24,"Slovakia","SK",14
1589,2015,2,"Agriculture and Rural Development","AGRI",25,"Slovenia","SI",116
1590,2015,2,"Agriculture and Rural Development","AGRI",26,"Bulgaria","BG",16
1591,2015,2,"Agriculture and Rural Development","AGRI",27,"Romania","RO",1
1592,2015,2,"Agriculture and Rural Development","AGRI",28,"Croatia","HR",5
1594,2015,3,"Maritime Affairs and Fisheries","MARE",2,"France","FR",9
1595,2015,3,"Maritime Affairs and Fisheries","MARE",3,"Germany","DE",5
1596,2015,3,"Maritime Affairs and Fisheries","MARE",4,"Italy","IT",7
1598,2015,3,"Maritime Affairs and Fisheries","MARE",6,"Netherlands","NL",1
1599,2015,3,"Maritime Affairs and Fisheries","MARE",7,"Denmark","DK",2
1601,2015,3,"Maritime Affairs and Fisheries","MARE",9,"United Kingdom","UK",3
1604,2015,3,"Maritime Affairs and Fisheries","MARE",12,"Spain","ES",3
1605,2015,3,"Maritime Affairs and Fisheries","MARE",13,"Austria","AT",2
1606,2015,3,"Maritime Affairs and Fisheries","MARE",14,"Finland","FI",2
1609,2015,3,"Maritime Affairs and Fisheries","MARE",17,"Czech Republic","CZ",4
1610,2015,3,"Maritime Affairs and Fisheries","MARE",18,"Estonia","EE",2
1612,2015,3,"Maritime Affairs and Fisheries","MARE",20,"Latvia","LV",2
1613,2015,3,"Maritime Affairs and Fisheries","MARE",21,"Lithuania","LT",3
1615,2015,3,"Maritime Affairs and Fisheries","MARE",23,"Poland","PL",2
1621,2016,1,"Competition","COMP",1,"Belgium","BE",47
1622,2016,1,"Competition","COMP",2,"France","FR",50
1623,2016,1,"Competition","COMP",3,"Germany","DE",672
1624,2016,1,"Competition","COMP",4,"Italy","IT",200
1625,2016,1,"Competition","COMP",5,"Luxembourg","LU",5
1626,2016,1,"Competition","COMP",6,"Netherlands","NL",197
1627,2016,1,"Competition","COMP",7,"Denmark","DK",24
1628,2016,1,"Competition","COMP",8,"Ireland","IE",12
1629,2016,1,"Competition","COMP",9,"United Kingdom","UK",64
1630,2016,1,"Competition","COMP",10,"Greece","EL",38
1631,2016,1,"Competition","COMP",11,"Portugal","PT",15
1632,2016,1,"Competition","COMP",12,"Spain","ES",151
1633,2016,1,"Competition","COMP",13,"Austria","AT",39
1634,2016,1,"Competition","COMP",14,"Finland","FI",17
1635,2016,1,"Competition","COMP",15,"Sweden","SE",17
1636,2016,1,"Competition","COMP",16,"Cyprus","CY",3
1637,2016,1,"Competition","COMP",17,"Czech Republic","CZ",112
1638,2016,1,"Competition","COMP",18,"Estonia","EE",32
1639,2016,1,"Competition","COMP",19,"Hungary","HU",23
1640,2016,1,"Competition","COMP",20,"Latvia","LV",26
1641,2016,1,"Competition","COMP",21,"Lithuania","LT",49
1642,2016,1,"Competition","COMP",22,"Malta","MT",10
1643,2016,1,"Competition","COMP",23,"Poland","PL",46
1644,2016,1,"Competition","COMP",24,"Slovakia","SK",20
1645,2016,1,"Competition","COMP",25,"Slovenia","SI",21
1646,2016,1,"Competition","COMP",26,"Bulgaria","BG",7
1647,2016,1,"Competition","COMP",27,"Romania","RO",9
1648,2016,1,"Competition","COMP",28,"Croatia","HR",15
1649,2016,2,"Agriculture and Rural Development","AGRI",1,"Belgium","BE",28
1650,2016,2,"Agriculture and Rural Development","AGRI",2,"France","FR",13
1651,2016,2,"Agriculture and Rural Development","AGRI",3,"Germany","DE",70
1652,2016,2,"Agriculture and Rural Development","AGRI",4,"Italy","IT",118
1653,2016,2,"Agriculture and Rural Development","AGRI",5,"Luxembourg","LU",14
1654,2016,2,"Agriculture and Rural Development","AGRI",6,"Netherlands","NL",25
1655,2016,2,"Agriculture and Rural Development","AGRI",7,"Denmark","DK",3
1656,2016,2,"Agriculture and Rural Development","AGRI",8,"Ireland","IE",9
1657,2016,2,"Agriculture and Rural Development","AGRI",9,"United Kingdom","UK",20
1658,2016,2,"Agriculture and Rural Development","AGRI",10,"Greece","EL",26
1659,2016,2,"Agriculture and Rural Development","AGRI",11,"Portugal","PT",14
1660,2016,2,"Agriculture and Rural Development","AGRI",12,"Spain","ES",32
1661,2016,2,"Agriculture and Rural Development","AGRI",13,"Austria","AT",21
1662,2016,2,"Agriculture and Rural Development","AGRI",14,"Finland","FI",3
1664,2016,2,"Agriculture and Rural Development","AGRI",16,"Cyprus","CY",2
1665,2016,2,"Agriculture and Rural Development","AGRI",17,"Czech Republic","CZ",29
1666,2016,2,"Agriculture and Rural Development","AGRI",18,"Estonia","EE",11
1667,2016,2,"Agriculture and Rural Development","AGRI",19,"Hungary","HU",11
1668,2016,2,"Agriculture and Rural Development","AGRI",20,"Latvia","LV",1
1669,2016,2,"Agriculture and Rural Development","AGRI",21,"Lithuania","LT",6
1671,2016,2,"Agriculture and Rural Development","AGRI",23,"Poland","PL",8
1672,2016,2,"Agriculture and Rural Development","AGRI",24,"Slovakia","SK",6
1673,2016,2,"Agriculture and Rural Development","AGRI",25,"Slovenia","SI",46
1674,2016,2,"Agriculture and Rural Development","AGRI",26,"Bulgaria","BG",4
1675,2016,2,"Agriculture and Rural Development","AGRI",27,"Romania","RO",4
1676,2016,2,"Agriculture and Rural Development","AGRI",28,"Croatia","HR",4
1677,2016,3,"Maritime Affairs and Fisheries","MARE",1,"Belgium","BE",1
1678,2016,3,"Maritime Affairs and Fisheries","MARE",2,"France","FR",2
1679,2016,3,"Maritime Affairs and Fisheries","MARE",3,"Germany","DE",2
1680,2016,3,"Maritime Affairs and Fisheries","MARE",4,"Italy","IT",3
1682,2016,3,"Maritime Affairs and Fisheries","MARE",6,"Netherlands","NL",1
1683,2016,3,"Maritime Affairs and Fisheries","MARE",7,"Denmark","DK",1
1684,2016,3,"Maritime Affairs and Fisheries","MARE",8,"Ireland","IE",1
1685,2016,3,"Maritime Affairs and Fisheries","MARE",9,"United Kingdom","UK",1
1688,2016,3,"Maritime Affairs and Fisheries","MARE",12,"Spain","ES",2
1689,2016,3,"Maritime Affairs and Fisheries","MARE",13,"Austria","AT",1
1690,2016,3,"Maritime Affairs and Fisheries","MARE",14,"Finland","FI",1
1691,2016,3,"Maritime Affairs and Fisheries","MARE",15,"Sweden","SE",3
1693,2016,3,"Maritime Affairs and Fisheries","MARE",17,"Czech Republic","CZ",1
1694,2016,3,"Maritime Affairs and Fisheries","MARE",18,"Estonia","EE",2
1695,2016,3,"Maritime Affairs and Fisheries","MARE",19,"Hungary","HU",1
1696,2016,3,"Maritime Affairs and Fisheries","MARE",20,"Latvia","LV",1
1702,2016,3,"Maritime Affairs and Fisheries","MARE",26,"Bulgaria","BG",1
1705,2017,1,"Competition","COMP",1,"Belgium","BE",59
1706,2017,1,"Competition","COMP",2,"France","FR",70
1707,2017,1,"Competition","COMP",3,"Germany","DE",274
1708,2017,1,"Competition","COMP",4,"Italy","IT",239
1709,2017,1,"Competition","COMP",5,"Luxembourg","LU",6
1710,2017,1,"Competition","COMP",6,"Netherlands","NL",266
1711,2017,1,"Competition","COMP",7,"Denmark","DK",28
1712,2017,1,"Competition","COMP",8,"Ireland","IE",12
1713,2017,1,"Competition","COMP",9,"United Kingdom","UK",96
1714,2017,1,"Competition","COMP",10,"Greece","EL",59
1715,2017,1,"Competition","COMP",11,"Portugal","PT",22
1716,2017,1,"Competition","COMP",12,"Spain","ES",181
1717,2017,1,"Competition","COMP",13,"Austria","AT",49
1718,2017,1,"Competition","COMP",14,"Finland","FI",10
1719,2017,1,"Competition","COMP",15,"Sweden","SE",20
1720,2017,1,"Competition","COMP",16,"Cyprus","CY",5
1721,2017,1,"Competition","COMP",17,"Czech Republic","CZ",134
1722,2017,1,"Competition","COMP",18,"Estonia","EE",25
1723,2017,1,"Competition","COMP",19,"Hungary","HU",40
1724,2017,1,"Competition","COMP",20,"Latvia","LV",7
1725,2017,1,"Competition","COMP",21,"Lithuania","LT",37
1726,2017,1,"Competition","COMP",22,"Malta","MT",7
1727,2017,1,"Competition","COMP",23,"Poland","PL",56
1728,2017,1,"Competition","COMP",24,"Slovakia","SK",18
1729,2017,1,"Competition","COMP",25,"Slovenia","SI",10
1730,2017,1,"Competition","COMP",26,"Bulgaria","BG",18
1731,2017,1,"Competition","COMP",27,"Romania","RO",21
1732,2017,1,"Competition","COMP",28,"Croatia","HR",29
1733,2017,2,"Agriculture and Rural Development","AGRI",1,"Belgium","BE",33
1734,2017,2,"Agriculture and Rural Development","AGRI",2,"France","FR",19
1735,2017,2,"Agriculture and Rural Development","AGRI",3,"Germany","DE",33
1736,2017,2,"Agriculture and Rural Development","AGRI",4,"Italy","IT",84
1737,2017,2,"Agriculture and Rural Development","AGRI",5,"Luxembourg","LU",4
1738,2017,2,"Agriculture and Rural Development","AGRI",6,"Netherlands","NL",34
1739,2017,2,"Agriculture and Rural Development","AGRI",7,"Denmark","DK",2
1740,2017,2,"Agriculture and Rural Development","AGRI",8,"Ireland","IE",4
1741,2017,2,"Agriculture and Rural Development","AGRI",9,"United Kingdom","UK",16
1742,2017,2,"Agriculture and Rural Development","AGRI",10,"Greece","EL",22
1743,2017,2,"Agriculture and Rural Development","AGRI",11,"Portugal","PT",11
1744,2017,2,"Agriculture and Rural Development","AGRI",12,"Spain","ES",42
1745,2017,2,"Agriculture and Rural Development","AGRI",13,"Austria","AT",7
1746,2017,2,"Agriculture and Rural Development","AGRI",14,"Finland","FI",2
1747,2017,2,"Agriculture and Rural Development","AGRI",15,"Sweden","SE",2
1749,2017,2,"Agriculture and Rural Development","AGRI",17,"Czech Republic","CZ",20
1750,2017,2,"Agriculture and Rural Development","AGRI",18,"Estonia","EE",9
1751,2017,2,"Agriculture and Rural Development","AGRI",19,"Hungary","HU",4
1752,2017,2,"Agriculture and Rural Development","AGRI",20,"Latvia","LV",1
1753,2017,2,"Agriculture and Rural Development","AGRI",21,"Lithuania","LT",1
1755,2017,2,"Agriculture and Rural Development","AGRI",23,"Poland","PL",8
1756,2017,2,"Agriculture and Rural Development","AGRI",24,"Slovakia","SK",7
1757,2017,2,"Agriculture and Rural Development","AGRI",25,"Slovenia","SI",6
1758,2017,2,"Agriculture and Rural Development","AGRI",26,"Bulgaria","BG",4
1759,2017,2,"Agriculture and Rural Development","AGRI",27,"Romania","RO",1
1760,2017,2,"Agriculture and Rural Development","AGRI",28,"Croatia","HR",7
1762,2017,3,"Maritime Affairs and Fisheries","MARE",2,"France","FR",4
1763,2017,3,"Maritime Affairs and Fisheries","MARE",3,"Germany","DE",4
1764,2017,3,"Maritime Affairs and Fisheries","MARE",4,"Italy","IT",3
1766,2017,3,"Maritime Affairs and Fisheries","MARE",6,"Netherlands","NL",1
1769,2017,3,"Maritime Affairs and Fisheries","MARE",9,"United Kingdom","UK",1
1772,2017,3,"Maritime Affairs and Fisheries","MARE",12,"Spain","ES",6
1774,2017,3,"Maritime Affairs and Fisheries","MARE",14,"Finland","FI",1
1775,2017,3,"Maritime Affairs and Fisheries","MARE",15,"Sweden","SE",1
1777,2017,3,"Maritime Affairs and Fisheries","MARE",17,"Czech Republic","CZ",3
1788,2017,3,"Maritime Affairs and Fisheries","MARE",28,"Croatia","HR",2
1789,2018,1,"Competition","COMP",1,"Belgium","BE",81
1790,2018,1,"Competition","COMP",2,"France","FR",43
1791,2018,1,"Competition","COMP",3,"Germany","DE",344
1792,2018,1,"Competition","COMP",4,"Italy","IT",222
1793,2018,1,"Competition","COMP",5,"Luxembourg","LU",5
1794,2018,1,"Competition","COMP",6,"Netherlands","NL",311
1795,2018,1,"Competition","COMP",7,"Denmark","DK",37
1796,2018,1,"Competition","COMP",8,"Ireland","IE",13
1797,2018,1,"Competition","COMP",9,"United Kingdom","UK",64
1798,2018,1,"Competition","COMP",10,"Greece","EL",88
1799,2018,1,"Competition","COMP",11,"Portugal","PT",9
1800,2018,1,"Competition","COMP",12,"Spain","ES",209
1801,2018,1,"Competition","COMP",13,"Austria","AT",53
1802,2018,1,"Competition","COMP",14,"Finland","FI",20
1803,2018,1,"Competition","COMP",15,"Sweden","SE",56
1804,2018,1,"Competition","COMP",16,"Cyprus","CY",5
1805,2018,1,"Competition","COMP",17,"Czech Republic","CZ",161
1806,2018,1,"Competition","COMP",18,"Estonia","EE",30
1807,2018,1,"Competition","COMP",19,"Hungary","HU",90
1808,2018,1,"Competition","COMP",20,"Latvia","LV",9
1809,2018,1,"Competition","COMP",21,"Lithuania","LT",24
1810,2018,1,"Competition","COMP",22,"Malta","MT",18
1811,2018,1,"Competition","COMP",23,"Poland","PL",56
1812,2018,1,"Competition","COMP",24,"Slovakia","SK",28
1813,2018,1,"Competition","COMP",25,"Slovenia","SI",6
1814,2018,1,"Competition","COMP",26,"Bulgaria","BG",10
1815,2018,1,"Competition","COMP",27,"Romania","RO",19
1816,2018,1,"Competition","COMP",28,"Croatia","HR",16
1817,2018,2,"Agriculture and Rural Development","AGRI",1,"Belgium","BE",32
1818,2018,2,"Agriculture and Rural Development","AGRI",2,"France","FR",6
1819,2018,2,"Agriculture and Rural Development","AGRI",3,"Germany","DE",37
1820,2018,2,"Agriculture and Rural Development","AGRI",4,"Italy","IT",75
1821,2018,2,"Agriculture and Rural Development","AGRI",5,"Luxembourg","LU",3
1822,2018,2,"Agriculture and Rural Development","AGRI",6,"Netherlands","NL",52
1823,2018,2,"Agriculture and Rural Development","AGRI",7,"Denmark","DK",4
1824,2018,2,"Agriculture and Rural Development","AGRI",8,"Ireland","IE",8
1825,2018,2,"Agriculture and Rural Development","AGRI",9,"United Kingdom","UK",6
1826,2018,2,"Agriculture and Rural Development","AGRI",10,"Greece","EL",17
1827,2018,2,"Agriculture and Rural Development","AGRI",11,"Portugal","PT",4
1828,2018,2,"Agriculture and Rural Development","AGRI",12,"Spain","ES",23
1829,2018,2,"Agriculture and Rural Development","AGRI",13,"Austria","AT",5
1830,2018,2,"Agriculture and Rural Development","AGRI",14,"Finland","FI",1
1831,2018,2,"Agriculture and Rural Development","AGRI",15,"Sweden","SE",2
1832,2018,2,"Agriculture and Rural Development","AGRI",16,"Cyprus","CY",1
1833,2018,2,"Agriculture and Rural Development","AGRI",17,"Czech Republic","CZ",16
1834,2018,2,"Agriculture and Rural Development","AGRI",18,"Estonia","EE",3
1835,2018,2,"Agriculture and Rural Development","AGRI",19,"Hungary","HU",4
1836,2018,2,"Agriculture and Rural Development","AGRI",20,"Latvia","LV",2
1837,2018,2,"Agriculture and Rural Development","AGRI",21,"Lithuania","LT",7
1839,2018,2,"Agriculture and Rural Development","AGRI",23,"Poland","PL",7
1840,2018,2,"Agriculture and Rural Development","AGRI",24,"Slovakia","SK",1
1841,2018,2,"Agriculture and Rural Development","AGRI",25,"Slovenia","SI",17
1842,2018,2,"Agriculture and Rural Development","AGRI",26,"Bulgaria","BG",6
1843,2018,2,"Agriculture and Rural Development","AGRI",27,"Romania","RO",4
1844,2018,2,"Agriculture and Rural Development","AGRI",28,"Croatia","HR",7
1846,2018,3,"Maritime Affairs and Fisheries","MARE",2,"France","FR",2
1847,2018,3,"Maritime Affairs and Fisheries","MARE",3,"Germany","DE",4
1848,2018,3,"Maritime Affairs and Fisheries","MARE",4,"Italy","IT",6
1854,2018,3,"Maritime Affairs and Fisheries","MARE",10,"Greece","EL",1
1856,2018,3,"Maritime Affairs and Fisheries","MARE",12,"Spain","ES",5
1858,2018,3,"Maritime Affairs and Fisheries","MARE",14,"Finland","FI",2
1859,2018,3,"Maritime Affairs and Fisheries","MARE",15,"Sweden","SE",2
1861,2018,3,"Maritime Affairs and Fisheries","MARE",17,"Czech Republic","CZ",1
1862,2018,3,"Maritime Affairs and Fisheries","MARE",18,"Estonia","EE",1
1873,2019,1,"Competition","COMP",1,"Belgium","BE",168
1874,2019,1,"Competition","COMP",2,"France","FR",40
1875,2019,1,"Competition","COMP",3,"Germany","DE",448
1876,2019,1,"Competition","COMP",4,"Italy","IT",265
1878,2019,1,"Competition","COMP",6,"Netherlands","NL",282
1879,2019,1,"Competition","COMP",7,"Denmark","DK",47
1880,2019,1,"Competition","COMP",8,"Ireland","IE",23
1881,2019,1,"Competition","COMP",9,"United Kingdom","UK",55
1882,2019,1,"Competition","COMP",10,"Greece","EL",133
1883,2019,1,"Competition","COMP",11,"Portugal","PT",16
1884,2019,1,"Competition","COMP",12,"Spain","ES",176
1885,2019,1,"Competition","COMP",13,"Austria","AT",26
1886,2019,1,"Competition","COMP",14,"Finland","FI",16
1887,2019,1,"Competition","COMP",15,"Sweden","SE",53
1888,2019,1,"Competition","COMP",16,"Cyprus","CY",4
1889,2019,1,"Competition","COMP",17,"Czech Republic","CZ",164
1890,2019,1,"Competition","COMP",18,"Estonia","EE",18
1891,2019,1,"Competition","COMP",19,"Hungary","HU",288
1892,2019,1,"Competition","COMP",20,"Latvia","LV",14
1893,2019,1,"Competition","COMP",21,"Lithuania","LT",26
1894,2019,1,"Competition","COMP",22,"Malta","MT",16
1895,2019,1,"Competition","COMP",23,"Poland","PL",124
1896,2019,1,"Competition","COMP",24,"Slovakia","SK",16
1897,2019,1,"Competition","COMP",25,"Slovenia","SI",4
1898,2019,1,"Competition","COMP",26,"Bulgaria","BG",8
1899,2019,1,"Competition","COMP",27,"Romania","RO",12
1900,2019,1,"Competition","COMP",28,"Croatia","HR",18
1901,2019,2,"Agriculture and Rural Development","AGRI",1,"Belgium","BE",35
1902,2019,2,"Agriculture and Rural Development","AGRI",2,"France","FR",3
1903,2019,2,"Agriculture and Rural Development","AGRI",3,"Germany","DE",37
1904,2019,2,"Agriculture and Rural Development","AGRI",4,"Italy","IT",37
1906,2019,2,"Agriculture and Rural Development","AGRI",6,"Netherlands","NL",25
1907,2019,2,"Agriculture and Rural Development","AGRI",7,"Denmark","DK",2
1908,2019,2,"Agriculture and Rural Development","AGRI",8,"Ireland","IE",2
1909,2019,2,"Agriculture and Rural Development","AGRI",9,"United Kingdom","UK",9
1910,2019,2,"Agriculture and Rural Development","AGRI",10,"Greece","EL",27
1911,2019,2,"Agriculture and Rural Development","AGRI",11,"Portugal","PT",2
1912,2019,2,"Agriculture and Rural Development","AGRI",12,"Spain","ES",26
1913,2019,2,"Agriculture and Rural Development","AGRI",13,"Austria","AT",5
1914,2019,2,"Agriculture and Rural Development","AGRI",14,"Finland","FI",1
1915,2019,2,"Agriculture and Rural Development","AGRI",15,"Sweden","SE",2
1916,2019,2,"Agriculture and Rural Development","AGRI",16,"Cyprus","CY",1
1917,2019,2,"Agriculture and Rural Development","AGRI",17,"Czech Republic","CZ",9
1918,2019,2,"Agriculture and Rural Development","AGRI",18,"Estonia","EE",2
1919,2019,2,"Agriculture and Rural Development","AGRI",19,"Hungary","HU",5
1920,2019,2,"Agriculture and Rural Development","AGRI",20,"Latvia","LV",4
1921,2019,2,"Agriculture and Rural Development","AGRI",21,"Lithuania","LT",4
1922,2019,2,"Agriculture and Rural Development","AGRI",22,"Malta","MT",1
1923,2019,2,"Agriculture and Rural Development","AGRI",23,"Poland","PL",5
1924,2019,2,"Agriculture and Rural Development","AGRI",24,"Slovakia","SK",8
1925,2019,2,"Agriculture and Rural Development","AGRI",25,"Slovenia","SI",17
1926,2019,2,"Agriculture and Rural Development","AGRI",26,"Bulgaria","BG",8
1928,2019,2,"Agriculture and Rural Development","AGRI",28,"Croatia","HR",5
1930,2019,3,"Maritime Affairs and Fisheries","MARE",2,"France","FR",1
1931,2019,3,"Maritime Affairs and Fisheries","MARE",3,"Germany","DE",3
1932,2019,3,"Maritime Affairs and Fisheries","MARE",4,"Italy","IT",11
1937,2019,3,"Maritime Affairs and Fisheries","MARE",9,"United Kingdom","UK",3
1938,2019,3,"Maritime Affairs and Fisheries","MARE",10,"Greece","EL",1
1940,2019,3,"Maritime Affairs and Fisheries","MARE",12,"Spain","ES",7
1942,2019,3,"Maritime Affairs and Fisheries","MARE",14,"Finland","FI",1
1943,2019,3,"Maritime Affairs and Fisheries","MARE",15,"Sweden","SE",2
1945,2019,3,"Maritime Affairs and Fisheries","MARE",17,"Czech Republic","CZ",1
1955,2019,3,"Maritime Affairs and Fisheries","MARE",27,"Romania","RO",1
1957,2020,1,"Competition","COMP",1,"Belgium","BE",66
1958,2020,1,"Competition","COMP",2,"France","FR",33
1959,2020,1,"Competition","COMP",3,"Germany","DE",268
1960,2020,1,"Competition","COMP",4,"Italy","IT",133
1961,2020,1,"Competition","COMP",5,"Luxembourg","LU",8
1962,2020,1,"Competition","COMP",6,"Netherlands","NL",246
1963,2020,1,"Competition","COMP",7,"Denmark","DK",49
1964,2020,1,"Competition","COMP",8,"Ireland","IE",11
1965,2020,1,"Competition","COMP",9,"United Kingdom","UK",55
1966,2020,1,"Competition","COMP",10,"Greece","EL",68
1967,2020,1,"Competition","COMP",11,"Portugal","PT",16
1968,2020,1,"Competition","COMP",12,"Spain","ES",116
1969,2020,1,"Competition","COMP",13,"Austria","AT",38
1970,2020,1,"Competition","COMP",14,"Finland","FI",27
1971,2020,1,"Competition","COMP",15,"Sweden","SE",73
1972,2020,1,"Competition","COMP",16,"Cyprus","CY",7
1973,2020,1,"Competition","COMP",17,"Czech Republic","CZ",65
1974,2020,1,"Competition","COMP",18,"Estonia","EE",19
1975,2020,1,"Competition","COMP",19,"Hungary","HU",43
1976,2020,1,"Competition","COMP",20,"Latvia","LV",22
1977,2020,1,"Competition","COMP",21,"Lithuania","LT",33
1978,2020,1,"Competition","COMP",22,"Malta","MT",19
1979,2020,1,"Competition","COMP",23,"Poland","PL",53
1980,2020,1,"Competition","COMP",24,"Slovakia","SK",20
1981,2020,1,"Competition","COMP",25,"Slovenia","SI",11
1982,2020,1,"Competition","COMP",26,"Bulgaria","BG",12
1983,2020,1,"Competition","COMP",27,"Romania","RO",15
1984,2020,1,"Competition","COMP",28,"Croatia","HR",43
