"key_ID","year","decision_type_ID","decision_type","count_cases"
1,1988,1,"Article 108(4) of the Treaty on the Functioning of the European Union (TFEU): exempt from notification under Article 108(3)",0
2,1988,2,"Article 4(2) of Council Regulation (EU) 2015/1589: decision does not constitute aid",0
3,1988,3,"Article 4(3) of Council Regulation (EU) 2015/1589: decision not to raise objections",0
4,1988,4,"Article 4(4) of Council Regulation (EU) 2015/1589: decision to initiate the formal investigation procedure",1
5,1988,5,"Article 4(4) of Council Regulation (EU) 2015/1589: decision to extend proceedings",0
6,1988,6,"Article 9(2) of Council Regulation (EU) 2015/1589: decision does not constitute aid (after formal investigation procedure)",0
7,1988,7,"Article 9(3) of Council Regulation (EU) 2015/1589: positive decision",0
8,1988,8,"Article 9(4) of Council Regulation (EU) 2015/1589: conditional decision",0
9,1988,9,"Article 9(5) of Council Regulation (EU) 2015/1589: negative decision on notified aid",0
10,1988,10,"Articles 9(5) and 16(1) of Council Regulation (EU) 2015/1589: negative decision without recovery",1
11,1988,11,"Articles 9(5) and 16(1) of Council Regulation (EU) 2015/1589: negative decision with recovery",0
12,1988,12,"Article 10(1) of Council Regulation (EU) 2015/1589: withdrawal of notification (before formal investigation procedure)",0
13,1988,13,"Article 10(2) of Council Regulation (EU) 2015/1589: withdrawal of notification (after formal investigation procedure)",0
14,1988,14,"Article 11 of Council Regulation (EU) 2015/1589: revocation of a decision",0
15,1988,15,"Article 12(3) of Council Regulation (EU) 2015/1589: information injunction",0
16,1988,16,"Article 13(1) of Council Regulation (EU) 2015/1589: suspension injunction",0
17,1988,17,"Article 14 of Council Regulation (EU) 2015/1589: referral to the Court of Justice (non-compliance with an injunction)",0
18,1988,18,"Article 22 of Council Regulation (EU) 2015/1589: proposal for appropriate measures",0
19,1988,19,"Article 108(2) of the Treaty on the Functioning of the European Union (TFEU): referral to the Court of Justice (non-compliance with a Commission decision)",1
20,1988,20,"Article 260(2) of the Treaty on the Functioning of the European Union (TFEU): referral to the Court of Justice (non-compliance with a Court judgment)",0
21,1989,1,"Article 108(4) of the Treaty on the Functioning of the European Union (TFEU): exempt from notification under Article 108(3)",0
22,1989,2,"Article 4(2) of Council Regulation (EU) 2015/1589: decision does not constitute aid",0
23,1989,3,"Article 4(3) of Council Regulation (EU) 2015/1589: decision not to raise objections",0
24,1989,4,"Article 4(4) of Council Regulation (EU) 2015/1589: decision to initiate the formal investigation procedure",0
25,1989,5,"Article 4(4) of Council Regulation (EU) 2015/1589: decision to extend proceedings",0
26,1989,6,"Article 9(2) of Council Regulation (EU) 2015/1589: decision does not constitute aid (after formal investigation procedure)",0
27,1989,7,"Article 9(3) of Council Regulation (EU) 2015/1589: positive decision",0
28,1989,8,"Article 9(4) of Council Regulation (EU) 2015/1589: conditional decision",0
29,1989,9,"Article 9(5) of Council Regulation (EU) 2015/1589: negative decision on notified aid",0
30,1989,10,"Articles 9(5) and 16(1) of Council Regulation (EU) 2015/1589: negative decision without recovery",0
31,1989,11,"Articles 9(5) and 16(1) of Council Regulation (EU) 2015/1589: negative decision with recovery",0
32,1989,12,"Article 10(1) of Council Regulation (EU) 2015/1589: withdrawal of notification (before formal investigation procedure)",0
33,1989,13,"Article 10(2) of Council Regulation (EU) 2015/1589: withdrawal of notification (after formal investigation procedure)",0
34,1989,14,"Article 11 of Council Regulation (EU) 2015/1589: revocation of a decision",0
35,1989,15,"Article 12(3) of Council Regulation (EU) 2015/1589: information injunction",0
36,1989,16,"Article 13(1) of Council Regulation (EU) 2015/1589: suspension injunction",0
37,1989,17,"Article 14 of Council Regulation (EU) 2015/1589: referral to the Court of Justice (non-compliance with an injunction)",0
38,1989,18,"Article 22 of Council Regulation (EU) 2015/1589: proposal for appropriate measures",0
39,1989,19,"Article 108(2) of the Treaty on the Functioning of the European Union (TFEU): referral to the Court of Justice (non-compliance with a Commission decision)",0
40,1989,20,"Article 260(2) of the Treaty on the Functioning of the European Union (TFEU): referral to the Court of Justice (non-compliance with a Court judgment)",0
41,1990,1,"Article 108(4) of the Treaty on the Functioning of the European Union (TFEU): exempt from notification under Article 108(3)",0
42,1990,2,"Article 4(2) of Council Regulation (EU) 2015/1589: decision does not constitute aid",0
43,1990,3,"Article 4(3) of Council Regulation (EU) 2015/1589: decision not to raise objections",0
44,1990,4,"Article 4(4) of Council Regulation (EU) 2015/1589: decision to initiate the formal investigation procedure",0
45,1990,5,"Article 4(4) of Council Regulation (EU) 2015/1589: decision to extend proceedings",0
46,1990,6,"Article 9(2) of Council Regulation (EU) 2015/1589: decision does not constitute aid (after formal investigation procedure)",0
47,1990,7,"Article 9(3) of Council Regulation (EU) 2015/1589: positive decision",0
48,1990,8,"Article 9(4) of Council Regulation (EU) 2015/1589: conditional decision",0
49,1990,9,"Article 9(5) of Council Regulation (EU) 2015/1589: negative decision on notified aid",0
50,1990,10,"Articles 9(5) and 16(1) of Council Regulation (EU) 2015/1589: negative decision without recovery",0
51,1990,11,"Articles 9(5) and 16(1) of Council Regulation (EU) 2015/1589: negative decision with recovery",0
52,1990,12,"Article 10(1) of Council Regulation (EU) 2015/1589: withdrawal of notification (before formal investigation procedure)",0
53,1990,13,"Article 10(2) of Council Regulation (EU) 2015/1589: withdrawal of notification (after formal investigation procedure)",0
54,1990,14,"Article 11 of Council Regulation (EU) 2015/1589: revocation of a decision",0
55,1990,15,"Article 12(3) of Council Regulation (EU) 2015/1589: information injunction",0
56,1990,16,"Article 13(1) of Council Regulation (EU) 2015/1589: suspension injunction",0
57,1990,17,"Article 14 of Council Regulation (EU) 2015/1589: referral to the Court of Justice (non-compliance with an injunction)",0
58,1990,18,"Article 22 of Council Regulation (EU) 2015/1589: proposal for appropriate measures",0
59,1990,19,"Article 108(2) of the Treaty on the Functioning of the European Union (TFEU): referral to the Court of Justice (non-compliance with a Commission decision)",0
60,1990,20,"Article 260(2) of the Treaty on the Functioning of the European Union (TFEU): referral to the Court of Justice (non-compliance with a Court judgment)",0
61,1991,1,"Article 108(4) of the Treaty on the Functioning of the European Union (TFEU): exempt from notification under Article 108(3)",0
62,1991,2,"Article 4(2) of Council Regulation (EU) 2015/1589: decision does not constitute aid",0
63,1991,3,"Article 4(3) of Council Regulation (EU) 2015/1589: decision not to raise objections",0
64,1991,4,"Article 4(4) of Council Regulation (EU) 2015/1589: decision to initiate the formal investigation procedure",0
65,1991,5,"Article 4(4) of Council Regulation (EU) 2015/1589: decision to extend proceedings",0
66,1991,6,"Article 9(2) of Council Regulation (EU) 2015/1589: decision does not constitute aid (after formal investigation procedure)",0
67,1991,7,"Article 9(3) of Council Regulation (EU) 2015/1589: positive decision",0
68,1991,8,"Article 9(4) of Council Regulation (EU) 2015/1589: conditional decision",0
69,1991,9,"Article 9(5) of Council Regulation (EU) 2015/1589: negative decision on notified aid",0
70,1991,10,"Articles 9(5) and 16(1) of Council Regulation (EU) 2015/1589: negative decision without recovery",0
71,1991,11,"Articles 9(5) and 16(1) of Council Regulation (EU) 2015/1589: negative decision with recovery",0
72,1991,12,"Article 10(1) of Council Regulation (EU) 2015/1589: withdrawal of notification (before formal investigation procedure)",0
73,1991,13,"Article 10(2) of Council Regulation (EU) 2015/1589: withdrawal of notification (after formal investigation procedure)",0
74,1991,14,"Article 11 of Council Regulation (EU) 2015/1589: revocation of a decision",0
75,1991,15,"Article 12(3) of Council Regulation (EU) 2015/1589: information injunction",0
76,1991,16,"Article 13(1) of Council Regulation (EU) 2015/1589: suspension injunction",0
77,1991,17,"Article 14 of Council Regulation (EU) 2015/1589: referral to the Court of Justice (non-compliance with an injunction)",0
78,1991,18,"Article 22 of Council Regulation (EU) 2015/1589: proposal for appropriate measures",0
79,1991,19,"Article 108(2) of the Treaty on the Functioning of the European Union (TFEU): referral to the Court of Justice (non-compliance with a Commission decision)",0
80,1991,20,"Article 260(2) of the Treaty on the Functioning of the European Union (TFEU): referral to the Court of Justice (non-compliance with a Court judgment)",0
81,1992,1,"Article 108(4) of the Treaty on the Functioning of the European Union (TFEU): exempt from notification under Article 108(3)",0
82,1992,2,"Article 4(2) of Council Regulation (EU) 2015/1589: decision does not constitute aid",0
83,1992,3,"Article 4(3) of Council Regulation (EU) 2015/1589: decision not to raise objections",2
84,1992,4,"Article 4(4) of Council Regulation (EU) 2015/1589: decision to initiate the formal investigation procedure",1
85,1992,5,"Article 4(4) of Council Regulation (EU) 2015/1589: decision to extend proceedings",0
86,1992,6,"Article 9(2) of Council Regulation (EU) 2015/1589: decision does not constitute aid (after formal investigation procedure)",0
87,1992,7,"Article 9(3) of Council Regulation (EU) 2015/1589: positive decision",0
88,1992,8,"Article 9(4) of Council Regulation (EU) 2015/1589: conditional decision",0
89,1992,9,"Article 9(5) of Council Regulation (EU) 2015/1589: negative decision on notified aid",0
90,1992,10,"Articles 9(5) and 16(1) of Council Regulation (EU) 2015/1589: negative decision without recovery",0
91,1992,11,"Articles 9(5) and 16(1) of Council Regulation (EU) 2015/1589: negative decision with recovery",1
92,1992,12,"Article 10(1) of Council Regulation (EU) 2015/1589: withdrawal of notification (before formal investigation procedure)",0
93,1992,13,"Article 10(2) of Council Regulation (EU) 2015/1589: withdrawal of notification (after formal investigation procedure)",0
94,1992,14,"Article 11 of Council Regulation (EU) 2015/1589: revocation of a decision",0
95,1992,15,"Article 12(3) of Council Regulation (EU) 2015/1589: information injunction",0
96,1992,16,"Article 13(1) of Council Regulation (EU) 2015/1589: suspension injunction",0
97,1992,17,"Article 14 of Council Regulation (EU) 2015/1589: referral to the Court of Justice (non-compliance with an injunction)",0
98,1992,18,"Article 22 of Council Regulation (EU) 2015/1589: proposal for appropriate measures",0
99,1992,19,"Article 108(2) of the Treaty on the Functioning of the European Union (TFEU): referral to the Court of Justice (non-compliance with a Commission decision)",0
100,1992,20,"Article 260(2) of the Treaty on the Functioning of the European Union (TFEU): referral to the Court of Justice (non-compliance with a Court judgment)",0
101,1993,1,"Article 108(4) of the Treaty on the Functioning of the European Union (TFEU): exempt from notification under Article 108(3)",0
102,1993,2,"Article 4(2) of Council Regulation (EU) 2015/1589: decision does not constitute aid",0
103,1993,3,"Article 4(3) of Council Regulation (EU) 2015/1589: decision not to raise objections",1
104,1993,4,"Article 4(4) of Council Regulation (EU) 2015/1589: decision to initiate the formal investigation procedure",3
105,1993,5,"Article 4(4) of Council Regulation (EU) 2015/1589: decision to extend proceedings",2
106,1993,6,"Article 9(2) of Council Regulation (EU) 2015/1589: decision does not constitute aid (after formal investigation procedure)",1
107,1993,7,"Article 9(3) of Council Regulation (EU) 2015/1589: positive decision",1
108,1993,8,"Article 9(4) of Council Regulation (EU) 2015/1589: conditional decision",0
109,1993,9,"Article 9(5) of Council Regulation (EU) 2015/1589: negative decision on notified aid",0
110,1993,10,"Articles 9(5) and 16(1) of Council Regulation (EU) 2015/1589: negative decision without recovery",2
111,1993,11,"Articles 9(5) and 16(1) of Council Regulation (EU) 2015/1589: negative decision with recovery",1
112,1993,12,"Article 10(1) of Council Regulation (EU) 2015/1589: withdrawal of notification (before formal investigation procedure)",0
113,1993,13,"Article 10(2) of Council Regulation (EU) 2015/1589: withdrawal of notification (after formal investigation procedure)",0
114,1993,14,"Article 11 of Council Regulation (EU) 2015/1589: revocation of a decision",0
115,1993,15,"Article 12(3) of Council Regulation (EU) 2015/1589: information injunction",1
116,1993,16,"Article 13(1) of Council Regulation (EU) 2015/1589: suspension injunction",0
117,1993,17,"Article 14 of Council Regulation (EU) 2015/1589: referral to the Court of Justice (non-compliance with an injunction)",0
118,1993,18,"Article 22 of Council Regulation (EU) 2015/1589: proposal for appropriate measures",0
119,1993,19,"Article 108(2) of the Treaty on the Functioning of the European Union (TFEU): referral to the Court of Justice (non-compliance with a Commission decision)",0
120,1993,20,"Article 260(2) of the Treaty on the Functioning of the European Union (TFEU): referral to the Court of Justice (non-compliance with a Court judgment)",0
121,1994,1,"Article 108(4) of the Treaty on the Functioning of the European Union (TFEU): exempt from notification under Article 108(3)",0
122,1994,2,"Article 4(2) of Council Regulation (EU) 2015/1589: decision does not constitute aid",0
123,1994,3,"Article 4(3) of Council Regulation (EU) 2015/1589: decision not to raise objections",1
124,1994,4,"Article 4(4) of Council Regulation (EU) 2015/1589: decision to initiate the formal investigation procedure",4
125,1994,5,"Article 4(4) of Council Regulation (EU) 2015/1589: decision to extend proceedings",1
126,1994,6,"Article 9(2) of Council Regulation (EU) 2015/1589: decision does not constitute aid (after formal investigation procedure)",0
127,1994,7,"Article 9(3) of Council Regulation (EU) 2015/1589: positive decision",1
128,1994,8,"Article 9(4) of Council Regulation (EU) 2015/1589: conditional decision",0
129,1994,9,"Article 9(5) of Council Regulation (EU) 2015/1589: negative decision on notified aid",0
130,1994,10,"Articles 9(5) and 16(1) of Council Regulation (EU) 2015/1589: negative decision without recovery",1
131,1994,11,"Articles 9(5) and 16(1) of Council Regulation (EU) 2015/1589: negative decision with recovery",1
132,1994,12,"Article 10(1) of Council Regulation (EU) 2015/1589: withdrawal of notification (before formal investigation procedure)",0
133,1994,13,"Article 10(2) of Council Regulation (EU) 2015/1589: withdrawal of notification (after formal investigation procedure)",0
134,1994,14,"Article 11 of Council Regulation (EU) 2015/1589: revocation of a decision",0
135,1994,15,"Article 12(3) of Council Regulation (EU) 2015/1589: information injunction",1
136,1994,16,"Article 13(1) of Council Regulation (EU) 2015/1589: suspension injunction",0
137,1994,17,"Article 14 of Council Regulation (EU) 2015/1589: referral to the Court of Justice (non-compliance with an injunction)",0
138,1994,18,"Article 22 of Council Regulation (EU) 2015/1589: proposal for appropriate measures",2
139,1994,19,"Article 108(2) of the Treaty on the Functioning of the European Union (TFEU): referral to the Court of Justice (non-compliance with a Commission decision)",0
140,1994,20,"Article 260(2) of the Treaty on the Functioning of the European Union (TFEU): referral to the Court of Justice (non-compliance with a Court judgment)",0
141,1995,1,"Article 108(4) of the Treaty on the Functioning of the European Union (TFEU): exempt from notification under Article 108(3)",2
142,1995,2,"Article 4(2) of Council Regulation (EU) 2015/1589: decision does not constitute aid",0
143,1995,3,"Article 4(3) of Council Regulation (EU) 2015/1589: decision not to raise objections",7
144,1995,4,"Article 4(4) of Council Regulation (EU) 2015/1589: decision to initiate the formal investigation procedure",11
145,1995,5,"Article 4(4) of Council Regulation (EU) 2015/1589: decision to extend proceedings",0
146,1995,6,"Article 9(2) of Council Regulation (EU) 2015/1589: decision does not constitute aid (after formal investigation procedure)",3
147,1995,7,"Article 9(3) of Council Regulation (EU) 2015/1589: positive decision",1
148,1995,8,"Article 9(4) of Council Regulation (EU) 2015/1589: conditional decision",0
149,1995,9,"Article 9(5) of Council Regulation (EU) 2015/1589: negative decision on notified aid",0
150,1995,10,"Articles 9(5) and 16(1) of Council Regulation (EU) 2015/1589: negative decision without recovery",6
151,1995,11,"Articles 9(5) and 16(1) of Council Regulation (EU) 2015/1589: negative decision with recovery",1
152,1995,12,"Article 10(1) of Council Regulation (EU) 2015/1589: withdrawal of notification (before formal investigation procedure)",0
153,1995,13,"Article 10(2) of Council Regulation (EU) 2015/1589: withdrawal of notification (after formal investigation procedure)",3
154,1995,14,"Article 11 of Council Regulation (EU) 2015/1589: revocation of a decision",0
155,1995,15,"Article 12(3) of Council Regulation (EU) 2015/1589: information injunction",1
156,1995,16,"Article 13(1) of Council Regulation (EU) 2015/1589: suspension injunction",0
157,1995,17,"Article 14 of Council Regulation (EU) 2015/1589: referral to the Court of Justice (non-compliance with an injunction)",0
158,1995,18,"Article 22 of Council Regulation (EU) 2015/1589: proposal for appropriate measures",3
159,1995,19,"Article 108(2) of the Treaty on the Functioning of the European Union (TFEU): referral to the Court of Justice (non-compliance with a Commission decision)",0
160,1995,20,"Article 260(2) of the Treaty on the Functioning of the European Union (TFEU): referral to the Court of Justice (non-compliance with a Court judgment)",0
161,1996,1,"Article 108(4) of the Treaty on the Functioning of the European Union (TFEU): exempt from notification under Article 108(3)",0
162,1996,2,"Article 4(2) of Council Regulation (EU) 2015/1589: decision does not constitute aid",1
163,1996,3,"Article 4(3) of Council Regulation (EU) 2015/1589: decision not to raise objections",9
164,1996,4,"Article 4(4) of Council Regulation (EU) 2015/1589: decision to initiate the formal investigation procedure",17
165,1996,5,"Article 4(4) of Council Regulation (EU) 2015/1589: decision to extend proceedings",2
166,1996,6,"Article 9(2) of Council Regulation (EU) 2015/1589: decision does not constitute aid (after formal investigation procedure)",2
167,1996,7,"Article 9(3) of Council Regulation (EU) 2015/1589: positive decision",7
168,1996,8,"Article 9(4) of Council Regulation (EU) 2015/1589: conditional decision",3
169,1996,9,"Article 9(5) of Council Regulation (EU) 2015/1589: negative decision on notified aid",0
170,1996,10,"Articles 9(5) and 16(1) of Council Regulation (EU) 2015/1589: negative decision without recovery",6
171,1996,11,"Articles 9(5) and 16(1) of Council Regulation (EU) 2015/1589: negative decision with recovery",5
172,1996,12,"Article 10(1) of Council Regulation (EU) 2015/1589: withdrawal of notification (before formal investigation procedure)",0
173,1996,13,"Article 10(2) of Council Regulation (EU) 2015/1589: withdrawal of notification (after formal investigation procedure)",1
174,1996,14,"Article 11 of Council Regulation (EU) 2015/1589: revocation of a decision",0
175,1996,15,"Article 12(3) of Council Regulation (EU) 2015/1589: information injunction",2
176,1996,16,"Article 13(1) of Council Regulation (EU) 2015/1589: suspension injunction",0
177,1996,17,"Article 14 of Council Regulation (EU) 2015/1589: referral to the Court of Justice (non-compliance with an injunction)",0
178,1996,18,"Article 22 of Council Regulation (EU) 2015/1589: proposal for appropriate measures",1
179,1996,19,"Article 108(2) of the Treaty on the Functioning of the European Union (TFEU): referral to the Court of Justice (non-compliance with a Commission decision)",1
180,1996,20,"Article 260(2) of the Treaty on the Functioning of the European Union (TFEU): referral to the Court of Justice (non-compliance with a Court judgment)",0
181,1997,1,"Article 108(4) of the Treaty on the Functioning of the European Union (TFEU): exempt from notification under Article 108(3)",1
182,1997,2,"Article 4(2) of Council Regulation (EU) 2015/1589: decision does not constitute aid",3
183,1997,3,"Article 4(3) of Council Regulation (EU) 2015/1589: decision not to raise objections",38
184,1997,4,"Article 4(4) of Council Regulation (EU) 2015/1589: decision to initiate the formal investigation procedure",40
185,1997,5,"Article 4(4) of Council Regulation (EU) 2015/1589: decision to extend proceedings",7
186,1997,6,"Article 9(2) of Council Regulation (EU) 2015/1589: decision does not constitute aid (after formal investigation procedure)",3
187,1997,7,"Article 9(3) of Council Regulation (EU) 2015/1589: positive decision",19
188,1997,8,"Article 9(4) of Council Regulation (EU) 2015/1589: conditional decision",1
189,1997,9,"Article 9(5) of Council Regulation (EU) 2015/1589: negative decision on notified aid",0
190,1997,10,"Articles 9(5) and 16(1) of Council Regulation (EU) 2015/1589: negative decision without recovery",11
191,1997,11,"Articles 9(5) and 16(1) of Council Regulation (EU) 2015/1589: negative decision with recovery",16
192,1997,12,"Article 10(1) of Council Regulation (EU) 2015/1589: withdrawal of notification (before formal investigation procedure)",0
193,1997,13,"Article 10(2) of Council Regulation (EU) 2015/1589: withdrawal of notification (after formal investigation procedure)",1
194,1997,14,"Article 11 of Council Regulation (EU) 2015/1589: revocation of a decision",0
195,1997,15,"Article 12(3) of Council Regulation (EU) 2015/1589: information injunction",6
196,1997,16,"Article 13(1) of Council Regulation (EU) 2015/1589: suspension injunction",0
197,1997,17,"Article 14 of Council Regulation (EU) 2015/1589: referral to the Court of Justice (non-compliance with an injunction)",0
198,1997,18,"Article 22 of Council Regulation (EU) 2015/1589: proposal for appropriate measures",1
199,1997,19,"Article 108(2) of the Treaty on the Functioning of the European Union (TFEU): referral to the Court of Justice (non-compliance with a Commission decision)",6
200,1997,20,"Article 260(2) of the Treaty on the Functioning of the European Union (TFEU): referral to the Court of Justice (non-compliance with a Court judgment)",0
201,1998,1,"Article 108(4) of the Treaty on the Functioning of the European Union (TFEU): exempt from notification under Article 108(3)",3
202,1998,2,"Article 4(2) of Council Regulation (EU) 2015/1589: decision does not constitute aid",6
203,1998,3,"Article 4(3) of Council Regulation (EU) 2015/1589: decision not to raise objections",227
204,1998,4,"Article 4(4) of Council Regulation (EU) 2015/1589: decision to initiate the formal investigation procedure",65
205,1998,5,"Article 4(4) of Council Regulation (EU) 2015/1589: decision to extend proceedings",4
206,1998,6,"Article 9(2) of Council Regulation (EU) 2015/1589: decision does not constitute aid (after formal investigation procedure)",5
207,1998,7,"Article 9(3) of Council Regulation (EU) 2015/1589: positive decision",26
208,1998,8,"Article 9(4) of Council Regulation (EU) 2015/1589: conditional decision",6
209,1998,9,"Article 9(5) of Council Regulation (EU) 2015/1589: negative decision on notified aid",0
210,1998,10,"Articles 9(5) and 16(1) of Council Regulation (EU) 2015/1589: negative decision without recovery",18
211,1998,11,"Articles 9(5) and 16(1) of Council Regulation (EU) 2015/1589: negative decision with recovery",14
212,1998,12,"Article 10(1) of Council Regulation (EU) 2015/1589: withdrawal of notification (before formal investigation procedure)",1
213,1998,13,"Article 10(2) of Council Regulation (EU) 2015/1589: withdrawal of notification (after formal investigation procedure)",5
214,1998,14,"Article 11 of Council Regulation (EU) 2015/1589: revocation of a decision",2
215,1998,15,"Article 12(3) of Council Regulation (EU) 2015/1589: information injunction",5
216,1998,16,"Article 13(1) of Council Regulation (EU) 2015/1589: suspension injunction",0
217,1998,17,"Article 14 of Council Regulation (EU) 2015/1589: referral to the Court of Justice (non-compliance with an injunction)",0
218,1998,18,"Article 22 of Council Regulation (EU) 2015/1589: proposal for appropriate measures",2
219,1998,19,"Article 108(2) of the Treaty on the Functioning of the European Union (TFEU): referral to the Court of Justice (non-compliance with a Commission decision)",1
220,1998,20,"Article 260(2) of the Treaty on the Functioning of the European Union (TFEU): referral to the Court of Justice (non-compliance with a Court judgment)",1
221,1999,1,"Article 108(4) of the Treaty on the Functioning of the European Union (TFEU): exempt from notification under Article 108(3)",10
222,1999,2,"Article 4(2) of Council Regulation (EU) 2015/1589: decision does not constitute aid",22
223,1999,3,"Article 4(3) of Council Regulation (EU) 2015/1589: decision not to raise objections",618
224,1999,4,"Article 4(4) of Council Regulation (EU) 2015/1589: decision to initiate the formal investigation procedure",83
225,1999,5,"Article 4(4) of Council Regulation (EU) 2015/1589: decision to extend proceedings",5
226,1999,6,"Article 9(2) of Council Regulation (EU) 2015/1589: decision does not constitute aid (after formal investigation procedure)",5
227,1999,7,"Article 9(3) of Council Regulation (EU) 2015/1589: positive decision",24
228,1999,8,"Article 9(4) of Council Regulation (EU) 2015/1589: conditional decision",3
229,1999,9,"Article 9(5) of Council Regulation (EU) 2015/1589: negative decision on notified aid",0
230,1999,10,"Articles 9(5) and 16(1) of Council Regulation (EU) 2015/1589: negative decision without recovery",18
231,1999,11,"Articles 9(5) and 16(1) of Council Regulation (EU) 2015/1589: negative decision with recovery",24
232,1999,12,"Article 10(1) of Council Regulation (EU) 2015/1589: withdrawal of notification (before formal investigation procedure)",0
233,1999,13,"Article 10(2) of Council Regulation (EU) 2015/1589: withdrawal of notification (after formal investigation procedure)",11
234,1999,14,"Article 11 of Council Regulation (EU) 2015/1589: revocation of a decision",0
235,1999,15,"Article 12(3) of Council Regulation (EU) 2015/1589: information injunction",21
236,1999,16,"Article 13(1) of Council Regulation (EU) 2015/1589: suspension injunction",1
237,1999,17,"Article 14 of Council Regulation (EU) 2015/1589: referral to the Court of Justice (non-compliance with an injunction)",0
238,1999,18,"Article 22 of Council Regulation (EU) 2015/1589: proposal for appropriate measures",7
239,1999,19,"Article 108(2) of the Treaty on the Functioning of the European Union (TFEU): referral to the Court of Justice (non-compliance with a Commission decision)",9
240,1999,20,"Article 260(2) of the Treaty on the Functioning of the European Union (TFEU): referral to the Court of Justice (non-compliance with a Court judgment)",1
241,2000,1,"Article 108(4) of the Treaty on the Functioning of the European Union (TFEU): exempt from notification under Article 108(3)",17
242,2000,2,"Article 4(2) of Council Regulation (EU) 2015/1589: decision does not constitute aid",38
243,2000,3,"Article 4(3) of Council Regulation (EU) 2015/1589: decision not to raise objections",610
244,2000,4,"Article 4(4) of Council Regulation (EU) 2015/1589: decision to initiate the formal investigation procedure",71
245,2000,5,"Article 4(4) of Council Regulation (EU) 2015/1589: decision to extend proceedings",6
246,2000,6,"Article 9(2) of Council Regulation (EU) 2015/1589: decision does not constitute aid (after formal investigation procedure)",3
247,2000,7,"Article 9(3) of Council Regulation (EU) 2015/1589: positive decision",35
248,2000,8,"Article 9(4) of Council Regulation (EU) 2015/1589: conditional decision",0
249,2000,9,"Article 9(5) of Council Regulation (EU) 2015/1589: negative decision on notified aid",0
250,2000,10,"Articles 9(5) and 16(1) of Council Regulation (EU) 2015/1589: negative decision without recovery",14
251,2000,11,"Articles 9(5) and 16(1) of Council Regulation (EU) 2015/1589: negative decision with recovery",17
252,2000,12,"Article 10(1) of Council Regulation (EU) 2015/1589: withdrawal of notification (before formal investigation procedure)",0
253,2000,13,"Article 10(2) of Council Regulation (EU) 2015/1589: withdrawal of notification (after formal investigation procedure)",8
254,2000,14,"Article 11 of Council Regulation (EU) 2015/1589: revocation of a decision",0
255,2000,15,"Article 12(3) of Council Regulation (EU) 2015/1589: information injunction",11
256,2000,16,"Article 13(1) of Council Regulation (EU) 2015/1589: suspension injunction",0
257,2000,17,"Article 14 of Council Regulation (EU) 2015/1589: referral to the Court of Justice (non-compliance with an injunction)",0
258,2000,18,"Article 22 of Council Regulation (EU) 2015/1589: proposal for appropriate measures",6
259,2000,19,"Article 108(2) of the Treaty on the Functioning of the European Union (TFEU): referral to the Court of Justice (non-compliance with a Commission decision)",5
260,2000,20,"Article 260(2) of the Treaty on the Functioning of the European Union (TFEU): referral to the Court of Justice (non-compliance with a Court judgment)",0
261,2001,1,"Article 108(4) of the Treaty on the Functioning of the European Union (TFEU): exempt from notification under Article 108(3)",162
262,2001,2,"Article 4(2) of Council Regulation (EU) 2015/1589: decision does not constitute aid",28
263,2001,3,"Article 4(3) of Council Regulation (EU) 2015/1589: decision not to raise objections",638
264,2001,4,"Article 4(4) of Council Regulation (EU) 2015/1589: decision to initiate the formal investigation procedure",95
265,2001,5,"Article 4(4) of Council Regulation (EU) 2015/1589: decision to extend proceedings",7
266,2001,6,"Article 9(2) of Council Regulation (EU) 2015/1589: decision does not constitute aid (after formal investigation procedure)",3
267,2001,7,"Article 9(3) of Council Regulation (EU) 2015/1589: positive decision",31
268,2001,8,"Article 9(4) of Council Regulation (EU) 2015/1589: conditional decision",3
269,2001,9,"Article 9(5) of Council Regulation (EU) 2015/1589: negative decision on notified aid",1
270,2001,10,"Articles 9(5) and 16(1) of Council Regulation (EU) 2015/1589: negative decision without recovery",26
271,2001,11,"Articles 9(5) and 16(1) of Council Regulation (EU) 2015/1589: negative decision with recovery",20
272,2001,12,"Article 10(1) of Council Regulation (EU) 2015/1589: withdrawal of notification (before formal investigation procedure)",0
273,2001,13,"Article 10(2) of Council Regulation (EU) 2015/1589: withdrawal of notification (after formal investigation procedure)",4
274,2001,14,"Article 11 of Council Regulation (EU) 2015/1589: revocation of a decision",1
275,2001,15,"Article 12(3) of Council Regulation (EU) 2015/1589: information injunction",19
276,2001,16,"Article 13(1) of Council Regulation (EU) 2015/1589: suspension injunction",0
277,2001,17,"Article 14 of Council Regulation (EU) 2015/1589: referral to the Court of Justice (non-compliance with an injunction)",0
278,2001,18,"Article 22 of Council Regulation (EU) 2015/1589: proposal for appropriate measures",6
279,2001,19,"Article 108(2) of the Treaty on the Functioning of the European Union (TFEU): referral to the Court of Justice (non-compliance with a Commission decision)",1
280,2001,20,"Article 260(2) of the Treaty on the Functioning of the European Union (TFEU): referral to the Court of Justice (non-compliance with a Court judgment)",0
281,2002,1,"Article 108(4) of the Treaty on the Functioning of the European Union (TFEU): exempt from notification under Article 108(3)",214
282,2002,2,"Article 4(2) of Council Regulation (EU) 2015/1589: decision does not constitute aid",21
283,2002,3,"Article 4(3) of Council Regulation (EU) 2015/1589: decision not to raise objections",692
284,2002,4,"Article 4(4) of Council Regulation (EU) 2015/1589: decision to initiate the formal investigation procedure",88
285,2002,5,"Article 4(4) of Council Regulation (EU) 2015/1589: decision to extend proceedings",3
286,2002,6,"Article 9(2) of Council Regulation (EU) 2015/1589: decision does not constitute aid (after formal investigation procedure)",1
287,2002,7,"Article 9(3) of Council Regulation (EU) 2015/1589: positive decision",32
288,2002,8,"Article 9(4) of Council Regulation (EU) 2015/1589: conditional decision",9
289,2002,9,"Article 9(5) of Council Regulation (EU) 2015/1589: negative decision on notified aid",9
290,2002,10,"Articles 9(5) and 16(1) of Council Regulation (EU) 2015/1589: negative decision without recovery",11
291,2002,11,"Articles 9(5) and 16(1) of Council Regulation (EU) 2015/1589: negative decision with recovery",21
292,2002,12,"Article 10(1) of Council Regulation (EU) 2015/1589: withdrawal of notification (before formal investigation procedure)",0
293,2002,13,"Article 10(2) of Council Regulation (EU) 2015/1589: withdrawal of notification (after formal investigation procedure)",15
294,2002,14,"Article 11 of Council Regulation (EU) 2015/1589: revocation of a decision",0
295,2002,15,"Article 12(3) of Council Regulation (EU) 2015/1589: information injunction",5
296,2002,16,"Article 13(1) of Council Regulation (EU) 2015/1589: suspension injunction",0
297,2002,17,"Article 14 of Council Regulation (EU) 2015/1589: referral to the Court of Justice (non-compliance with an injunction)",0
298,2002,18,"Article 22 of Council Regulation (EU) 2015/1589: proposal for appropriate measures",4
299,2002,19,"Article 108(2) of the Treaty on the Functioning of the European Union (TFEU): referral to the Court of Justice (non-compliance with a Commission decision)",3
300,2002,20,"Article 260(2) of the Treaty on the Functioning of the European Union (TFEU): referral to the Court of Justice (non-compliance with a Court judgment)",0
301,2003,1,"Article 108(4) of the Treaty on the Functioning of the European Union (TFEU): exempt from notification under Article 108(3)",229
302,2003,2,"Article 4(2) of Council Regulation (EU) 2015/1589: decision does not constitute aid",20
303,2003,3,"Article 4(3) of Council Regulation (EU) 2015/1589: decision not to raise objections",515
304,2003,4,"Article 4(4) of Council Regulation (EU) 2015/1589: decision to initiate the formal investigation procedure",85
305,2003,5,"Article 4(4) of Council Regulation (EU) 2015/1589: decision to extend proceedings",7
306,2003,6,"Article 9(2) of Council Regulation (EU) 2015/1589: decision does not constitute aid (after formal investigation procedure)",9
307,2003,7,"Article 9(3) of Council Regulation (EU) 2015/1589: positive decision",36
308,2003,8,"Article 9(4) of Council Regulation (EU) 2015/1589: conditional decision",9
309,2003,9,"Article 9(5) of Council Regulation (EU) 2015/1589: negative decision on notified aid",9
310,2003,10,"Articles 9(5) and 16(1) of Council Regulation (EU) 2015/1589: negative decision without recovery",12
311,2003,11,"Articles 9(5) and 16(1) of Council Regulation (EU) 2015/1589: negative decision with recovery",16
312,2003,12,"Article 10(1) of Council Regulation (EU) 2015/1589: withdrawal of notification (before formal investigation procedure)",0
313,2003,13,"Article 10(2) of Council Regulation (EU) 2015/1589: withdrawal of notification (after formal investigation procedure)",6
314,2003,14,"Article 11 of Council Regulation (EU) 2015/1589: revocation of a decision",2
315,2003,15,"Article 12(3) of Council Regulation (EU) 2015/1589: information injunction",9
316,2003,16,"Article 13(1) of Council Regulation (EU) 2015/1589: suspension injunction",0
317,2003,17,"Article 14 of Council Regulation (EU) 2015/1589: referral to the Court of Justice (non-compliance with an injunction)",0
318,2003,18,"Article 22 of Council Regulation (EU) 2015/1589: proposal for appropriate measures",21
319,2003,19,"Article 108(2) of the Treaty on the Functioning of the European Union (TFEU): referral to the Court of Justice (non-compliance with a Commission decision)",2
320,2003,20,"Article 260(2) of the Treaty on the Functioning of the European Union (TFEU): referral to the Court of Justice (non-compliance with a Court judgment)",0
321,2004,1,"Article 108(4) of the Treaty on the Functioning of the European Union (TFEU): exempt from notification under Article 108(3)",329
322,2004,2,"Article 4(2) of Council Regulation (EU) 2015/1589: decision does not constitute aid",28
323,2004,3,"Article 4(3) of Council Regulation (EU) 2015/1589: decision not to raise objections",511
324,2004,4,"Article 4(4) of Council Regulation (EU) 2015/1589: decision to initiate the formal investigation procedure",66
325,2004,5,"Article 4(4) of Council Regulation (EU) 2015/1589: decision to extend proceedings",5
326,2004,6,"Article 9(2) of Council Regulation (EU) 2015/1589: decision does not constitute aid (after formal investigation procedure)",5
327,2004,7,"Article 9(3) of Council Regulation (EU) 2015/1589: positive decision",23
328,2004,8,"Article 9(4) of Council Regulation (EU) 2015/1589: conditional decision",6
329,2004,9,"Article 9(5) of Council Regulation (EU) 2015/1589: negative decision on notified aid",7
330,2004,10,"Articles 9(5) and 16(1) of Council Regulation (EU) 2015/1589: negative decision without recovery",3
331,2004,11,"Articles 9(5) and 16(1) of Council Regulation (EU) 2015/1589: negative decision with recovery",21
332,2004,12,"Article 10(1) of Council Regulation (EU) 2015/1589: withdrawal of notification (before formal investigation procedure)",1
333,2004,13,"Article 10(2) of Council Regulation (EU) 2015/1589: withdrawal of notification (after formal investigation procedure)",9
334,2004,14,"Article 11 of Council Regulation (EU) 2015/1589: revocation of a decision",1
335,2004,15,"Article 12(3) of Council Regulation (EU) 2015/1589: information injunction",10
336,2004,16,"Article 13(1) of Council Regulation (EU) 2015/1589: suspension injunction",0
337,2004,17,"Article 14 of Council Regulation (EU) 2015/1589: referral to the Court of Justice (non-compliance with an injunction)",1
338,2004,18,"Article 22 of Council Regulation (EU) 2015/1589: proposal for appropriate measures",2
339,2004,19,"Article 108(2) of the Treaty on the Functioning of the European Union (TFEU): referral to the Court of Justice (non-compliance with a Commission decision)",8
340,2004,20,"Article 260(2) of the Treaty on the Functioning of the European Union (TFEU): referral to the Court of Justice (non-compliance with a Court judgment)",2
341,2005,1,"Article 108(4) of the Treaty on the Functioning of the European Union (TFEU): exempt from notification under Article 108(3)",406
342,2005,2,"Article 4(2) of Council Regulation (EU) 2015/1589: decision does not constitute aid",24
343,2005,3,"Article 4(3) of Council Regulation (EU) 2015/1589: decision not to raise objections",531
344,2005,4,"Article 4(4) of Council Regulation (EU) 2015/1589: decision to initiate the formal investigation procedure",64
345,2005,5,"Article 4(4) of Council Regulation (EU) 2015/1589: decision to extend proceedings",0
346,2005,6,"Article 9(2) of Council Regulation (EU) 2015/1589: decision does not constitute aid (after formal investigation procedure)",6
347,2005,7,"Article 9(3) of Council Regulation (EU) 2015/1589: positive decision",26
348,2005,8,"Article 9(4) of Council Regulation (EU) 2015/1589: conditional decision",4
349,2005,9,"Article 9(5) of Council Regulation (EU) 2015/1589: negative decision on notified aid",7
350,2005,10,"Articles 9(5) and 16(1) of Council Regulation (EU) 2015/1589: negative decision without recovery",4
351,2005,11,"Articles 9(5) and 16(1) of Council Regulation (EU) 2015/1589: negative decision with recovery",15
352,2005,12,"Article 10(1) of Council Regulation (EU) 2015/1589: withdrawal of notification (before formal investigation procedure)",0
353,2005,13,"Article 10(2) of Council Regulation (EU) 2015/1589: withdrawal of notification (after formal investigation procedure)",6
354,2005,14,"Article 11 of Council Regulation (EU) 2015/1589: revocation of a decision",1
355,2005,15,"Article 12(3) of Council Regulation (EU) 2015/1589: information injunction",2
356,2005,16,"Article 13(1) of Council Regulation (EU) 2015/1589: suspension injunction",0
357,2005,17,"Article 14 of Council Regulation (EU) 2015/1589: referral to the Court of Justice (non-compliance with an injunction)",0
358,2005,18,"Article 22 of Council Regulation (EU) 2015/1589: proposal for appropriate measures",9
359,2005,19,"Article 108(2) of the Treaty on the Functioning of the European Union (TFEU): referral to the Court of Justice (non-compliance with a Commission decision)",3
360,2005,20,"Article 260(2) of the Treaty on the Functioning of the European Union (TFEU): referral to the Court of Justice (non-compliance with a Court judgment)",0
361,2006,1,"Article 108(4) of the Treaty on the Functioning of the European Union (TFEU): exempt from notification under Article 108(3)",412
362,2006,2,"Article 4(2) of Council Regulation (EU) 2015/1589: decision does not constitute aid",35
363,2006,3,"Article 4(3) of Council Regulation (EU) 2015/1589: decision not to raise objections",677
364,2006,4,"Article 4(4) of Council Regulation (EU) 2015/1589: decision to initiate the formal investigation procedure",58
365,2006,5,"Article 4(4) of Council Regulation (EU) 2015/1589: decision to extend proceedings",0
366,2006,6,"Article 9(2) of Council Regulation (EU) 2015/1589: decision does not constitute aid (after formal investigation procedure)",8
367,2006,7,"Article 9(3) of Council Regulation (EU) 2015/1589: positive decision",21
368,2006,8,"Article 9(4) of Council Regulation (EU) 2015/1589: conditional decision",4
369,2006,9,"Article 9(5) of Council Regulation (EU) 2015/1589: negative decision on notified aid",8
370,2006,10,"Articles 9(5) and 16(1) of Council Regulation (EU) 2015/1589: negative decision without recovery",1
371,2006,11,"Articles 9(5) and 16(1) of Council Regulation (EU) 2015/1589: negative decision with recovery",13
372,2006,12,"Article 10(1) of Council Regulation (EU) 2015/1589: withdrawal of notification (before formal investigation procedure)",0
373,2006,13,"Article 10(2) of Council Regulation (EU) 2015/1589: withdrawal of notification (after formal investigation procedure)",5
374,2006,14,"Article 11 of Council Regulation (EU) 2015/1589: revocation of a decision",0
375,2006,15,"Article 12(3) of Council Regulation (EU) 2015/1589: information injunction",2
376,2006,16,"Article 13(1) of Council Regulation (EU) 2015/1589: suspension injunction",0
377,2006,17,"Article 14 of Council Regulation (EU) 2015/1589: referral to the Court of Justice (non-compliance with an injunction)",2
378,2006,18,"Article 22 of Council Regulation (EU) 2015/1589: proposal for appropriate measures",1
379,2006,19,"Article 108(2) of the Treaty on the Functioning of the European Union (TFEU): referral to the Court of Justice (non-compliance with a Commission decision)",1
380,2006,20,"Article 260(2) of the Treaty on the Functioning of the European Union (TFEU): referral to the Court of Justice (non-compliance with a Court judgment)",0
381,2007,1,"Article 108(4) of the Treaty on the Functioning of the European Union (TFEU): exempt from notification under Article 108(3)",1124
382,2007,2,"Article 4(2) of Council Regulation (EU) 2015/1589: decision does not constitute aid",27
383,2007,3,"Article 4(3) of Council Regulation (EU) 2015/1589: decision not to raise objections",556
384,2007,4,"Article 4(4) of Council Regulation (EU) 2015/1589: decision to initiate the formal investigation procedure",51
385,2007,5,"Article 4(4) of Council Regulation (EU) 2015/1589: decision to extend proceedings",4
386,2007,6,"Article 9(2) of Council Regulation (EU) 2015/1589: decision does not constitute aid (after formal investigation procedure)",7
387,2007,7,"Article 9(3) of Council Regulation (EU) 2015/1589: positive decision",14
388,2007,8,"Article 9(4) of Council Regulation (EU) 2015/1589: conditional decision",7
389,2007,9,"Article 9(5) of Council Regulation (EU) 2015/1589: negative decision on notified aid",0
390,2007,10,"Articles 9(5) and 16(1) of Council Regulation (EU) 2015/1589: negative decision without recovery",3
391,2007,11,"Articles 9(5) and 16(1) of Council Regulation (EU) 2015/1589: negative decision with recovery",11
392,2007,12,"Article 10(1) of Council Regulation (EU) 2015/1589: withdrawal of notification (before formal investigation procedure)",0
393,2007,13,"Article 10(2) of Council Regulation (EU) 2015/1589: withdrawal of notification (after formal investigation procedure)",9
394,2007,14,"Article 11 of Council Regulation (EU) 2015/1589: revocation of a decision",0
395,2007,15,"Article 12(3) of Council Regulation (EU) 2015/1589: information injunction",1
396,2007,16,"Article 13(1) of Council Regulation (EU) 2015/1589: suspension injunction",1
397,2007,17,"Article 14 of Council Regulation (EU) 2015/1589: referral to the Court of Justice (non-compliance with an injunction)",0
398,2007,18,"Article 22 of Council Regulation (EU) 2015/1589: proposal for appropriate measures",1
399,2007,19,"Article 108(2) of the Treaty on the Functioning of the European Union (TFEU): referral to the Court of Justice (non-compliance with a Commission decision)",3
400,2007,20,"Article 260(2) of the Treaty on the Functioning of the European Union (TFEU): referral to the Court of Justice (non-compliance with a Court judgment)",0
401,2008,1,"Article 108(4) of the Treaty on the Functioning of the European Union (TFEU): exempt from notification under Article 108(3)",1091
402,2008,2,"Article 4(2) of Council Regulation (EU) 2015/1589: decision does not constitute aid",26
403,2008,3,"Article 4(3) of Council Regulation (EU) 2015/1589: decision not to raise objections",464
404,2008,4,"Article 4(4) of Council Regulation (EU) 2015/1589: decision to initiate the formal investigation procedure",50
405,2008,5,"Article 4(4) of Council Regulation (EU) 2015/1589: decision to extend proceedings",5
406,2008,6,"Article 9(2) of Council Regulation (EU) 2015/1589: decision does not constitute aid (after formal investigation procedure)",6
407,2008,7,"Article 9(3) of Council Regulation (EU) 2015/1589: positive decision",21
408,2008,8,"Article 9(4) of Council Regulation (EU) 2015/1589: conditional decision",6
409,2008,9,"Article 9(5) of Council Regulation (EU) 2015/1589: negative decision on notified aid",1
410,2008,10,"Articles 9(5) and 16(1) of Council Regulation (EU) 2015/1589: negative decision without recovery",3
411,2008,11,"Articles 9(5) and 16(1) of Council Regulation (EU) 2015/1589: negative decision with recovery",15
412,2008,12,"Article 10(1) of Council Regulation (EU) 2015/1589: withdrawal of notification (before formal investigation procedure)",0
413,2008,13,"Article 10(2) of Council Regulation (EU) 2015/1589: withdrawal of notification (after formal investigation procedure)",5
414,2008,14,"Article 11 of Council Regulation (EU) 2015/1589: revocation of a decision",1
415,2008,15,"Article 12(3) of Council Regulation (EU) 2015/1589: information injunction",3
416,2008,16,"Article 13(1) of Council Regulation (EU) 2015/1589: suspension injunction",1
417,2008,17,"Article 14 of Council Regulation (EU) 2015/1589: referral to the Court of Justice (non-compliance with an injunction)",0
418,2008,18,"Article 22 of Council Regulation (EU) 2015/1589: proposal for appropriate measures",1
419,2008,19,"Article 108(2) of the Treaty on the Functioning of the European Union (TFEU): referral to the Court of Justice (non-compliance with a Commission decision)",4
420,2008,20,"Article 260(2) of the Treaty on the Functioning of the European Union (TFEU): referral to the Court of Justice (non-compliance with a Court judgment)",0
421,2009,1,"Article 108(4) of the Treaty on the Functioning of the European Union (TFEU): exempt from notification under Article 108(3)",1251
422,2009,2,"Article 4(2) of Council Regulation (EU) 2015/1589: decision does not constitute aid",24
423,2009,3,"Article 4(3) of Council Regulation (EU) 2015/1589: decision not to raise objections",578
424,2009,4,"Article 4(4) of Council Regulation (EU) 2015/1589: decision to initiate the formal investigation procedure",38
425,2009,5,"Article 4(4) of Council Regulation (EU) 2015/1589: decision to extend proceedings",4
426,2009,6,"Article 9(2) of Council Regulation (EU) 2015/1589: decision does not constitute aid (after formal investigation procedure)",7
427,2009,7,"Article 9(3) of Council Regulation (EU) 2015/1589: positive decision",14
428,2009,8,"Article 9(4) of Council Regulation (EU) 2015/1589: conditional decision",5
429,2009,9,"Article 9(5) of Council Regulation (EU) 2015/1589: negative decision on notified aid",0
430,2009,10,"Articles 9(5) and 16(1) of Council Regulation (EU) 2015/1589: negative decision without recovery",1
431,2009,11,"Articles 9(5) and 16(1) of Council Regulation (EU) 2015/1589: negative decision with recovery",13
432,2009,12,"Article 10(1) of Council Regulation (EU) 2015/1589: withdrawal of notification (before formal investigation procedure)",0
433,2009,13,"Article 10(2) of Council Regulation (EU) 2015/1589: withdrawal of notification (after formal investigation procedure)",9
434,2009,14,"Article 11 of Council Regulation (EU) 2015/1589: revocation of a decision",1
435,2009,15,"Article 12(3) of Council Regulation (EU) 2015/1589: information injunction",2
436,2009,16,"Article 13(1) of Council Regulation (EU) 2015/1589: suspension injunction",0
437,2009,17,"Article 14 of Council Regulation (EU) 2015/1589: referral to the Court of Justice (non-compliance with an injunction)",0
438,2009,18,"Article 22 of Council Regulation (EU) 2015/1589: proposal for appropriate measures",0
439,2009,19,"Article 108(2) of the Treaty on the Functioning of the European Union (TFEU): referral to the Court of Justice (non-compliance with a Commission decision)",3
440,2009,20,"Article 260(2) of the Treaty on the Functioning of the European Union (TFEU): referral to the Court of Justice (non-compliance with a Court judgment)",1
441,2010,1,"Article 108(4) of the Treaty on the Functioning of the European Union (TFEU): exempt from notification under Article 108(3)",722
442,2010,2,"Article 4(2) of Council Regulation (EU) 2015/1589: decision does not constitute aid",14
443,2010,3,"Article 4(3) of Council Regulation (EU) 2015/1589: decision not to raise objections",482
444,2010,4,"Article 4(4) of Council Regulation (EU) 2015/1589: decision to initiate the formal investigation procedure",36
445,2010,5,"Article 4(4) of Council Regulation (EU) 2015/1589: decision to extend proceedings",2
446,2010,6,"Article 9(2) of Council Regulation (EU) 2015/1589: decision does not constitute aid (after formal investigation procedure)",16
447,2010,7,"Article 9(3) of Council Regulation (EU) 2015/1589: positive decision",12
448,2010,8,"Article 9(4) of Council Regulation (EU) 2015/1589: conditional decision",2
449,2010,9,"Article 9(5) of Council Regulation (EU) 2015/1589: negative decision on notified aid",0
450,2010,10,"Articles 9(5) and 16(1) of Council Regulation (EU) 2015/1589: negative decision without recovery",0
451,2010,11,"Articles 9(5) and 16(1) of Council Regulation (EU) 2015/1589: negative decision with recovery",8
452,2010,12,"Article 10(1) of Council Regulation (EU) 2015/1589: withdrawal of notification (before formal investigation procedure)",0
453,2010,13,"Article 10(2) of Council Regulation (EU) 2015/1589: withdrawal of notification (after formal investigation procedure)",3
454,2010,14,"Article 11 of Council Regulation (EU) 2015/1589: revocation of a decision",0
455,2010,15,"Article 12(3) of Council Regulation (EU) 2015/1589: information injunction",1
456,2010,16,"Article 13(1) of Council Regulation (EU) 2015/1589: suspension injunction",0
457,2010,17,"Article 14 of Council Regulation (EU) 2015/1589: referral to the Court of Justice (non-compliance with an injunction)",0
458,2010,18,"Article 22 of Council Regulation (EU) 2015/1589: proposal for appropriate measures",1
459,2010,19,"Article 108(2) of the Treaty on the Functioning of the European Union (TFEU): referral to the Court of Justice (non-compliance with a Commission decision)",2
460,2010,20,"Article 260(2) of the Treaty on the Functioning of the European Union (TFEU): referral to the Court of Justice (non-compliance with a Court judgment)",0
461,2011,1,"Article 108(4) of the Treaty on the Functioning of the European Union (TFEU): exempt from notification under Article 108(3)",601
462,2011,2,"Article 4(2) of Council Regulation (EU) 2015/1589: decision does not constitute aid",17
463,2011,3,"Article 4(3) of Council Regulation (EU) 2015/1589: decision not to raise objections",421
464,2011,4,"Article 4(4) of Council Regulation (EU) 2015/1589: decision to initiate the formal investigation procedure",51
465,2011,5,"Article 4(4) of Council Regulation (EU) 2015/1589: decision to extend proceedings",5
466,2011,6,"Article 9(2) of Council Regulation (EU) 2015/1589: decision does not constitute aid (after formal investigation procedure)",5
467,2011,7,"Article 9(3) of Council Regulation (EU) 2015/1589: positive decision",22
468,2011,8,"Article 9(4) of Council Regulation (EU) 2015/1589: conditional decision",1
469,2011,9,"Article 9(5) of Council Regulation (EU) 2015/1589: negative decision on notified aid",1
470,2011,10,"Articles 9(5) and 16(1) of Council Regulation (EU) 2015/1589: negative decision without recovery",2
471,2011,11,"Articles 9(5) and 16(1) of Council Regulation (EU) 2015/1589: negative decision with recovery",17
472,2011,12,"Article 10(1) of Council Regulation (EU) 2015/1589: withdrawal of notification (before formal investigation procedure)",0
473,2011,13,"Article 10(2) of Council Regulation (EU) 2015/1589: withdrawal of notification (after formal investigation procedure)",4
474,2011,14,"Article 11 of Council Regulation (EU) 2015/1589: revocation of a decision",0
475,2011,15,"Article 12(3) of Council Regulation (EU) 2015/1589: information injunction",3
476,2011,16,"Article 13(1) of Council Regulation (EU) 2015/1589: suspension injunction",0
477,2011,17,"Article 14 of Council Regulation (EU) 2015/1589: referral to the Court of Justice (non-compliance with an injunction)",0
478,2011,18,"Article 22 of Council Regulation (EU) 2015/1589: proposal for appropriate measures",2
479,2011,19,"Article 108(2) of the Treaty on the Functioning of the European Union (TFEU): referral to the Court of Justice (non-compliance with a Commission decision)",0
480,2011,20,"Article 260(2) of the Treaty on the Functioning of the European Union (TFEU): referral to the Court of Justice (non-compliance with a Court judgment)",0
481,2012,1,"Article 108(4) of the Treaty on the Functioning of the European Union (TFEU): exempt from notification under Article 108(3)",604
482,2012,2,"Article 4(2) of Council Regulation (EU) 2015/1589: decision does not constitute aid",32
483,2012,3,"Article 4(3) of Council Regulation (EU) 2015/1589: decision not to raise objections",413
484,2012,4,"Article 4(4) of Council Regulation (EU) 2015/1589: decision to initiate the formal investigation procedure",45
485,2012,5,"Article 4(4) of Council Regulation (EU) 2015/1589: decision to extend proceedings",2
486,2012,6,"Article 9(2) of Council Regulation (EU) 2015/1589: decision does not constitute aid (after formal investigation procedure)",7
487,2012,7,"Article 9(3) of Council Regulation (EU) 2015/1589: positive decision",22
488,2012,8,"Article 9(4) of Council Regulation (EU) 2015/1589: conditional decision",0
489,2012,9,"Article 9(5) of Council Regulation (EU) 2015/1589: negative decision on notified aid",0
490,2012,10,"Articles 9(5) and 16(1) of Council Regulation (EU) 2015/1589: negative decision without recovery",1
491,2012,11,"Articles 9(5) and 16(1) of Council Regulation (EU) 2015/1589: negative decision with recovery",15
492,2012,12,"Article 10(1) of Council Regulation (EU) 2015/1589: withdrawal of notification (before formal investigation procedure)",0
493,2012,13,"Article 10(2) of Council Regulation (EU) 2015/1589: withdrawal of notification (after formal investigation procedure)",5
494,2012,14,"Article 11 of Council Regulation (EU) 2015/1589: revocation of a decision",0
495,2012,15,"Article 12(3) of Council Regulation (EU) 2015/1589: information injunction",1
496,2012,16,"Article 13(1) of Council Regulation (EU) 2015/1589: suspension injunction",0
497,2012,17,"Article 14 of Council Regulation (EU) 2015/1589: referral to the Court of Justice (non-compliance with an injunction)",0
498,2012,18,"Article 22 of Council Regulation (EU) 2015/1589: proposal for appropriate measures",1
499,2012,19,"Article 108(2) of the Treaty on the Functioning of the European Union (TFEU): referral to the Court of Justice (non-compliance with a Commission decision)",1
500,2012,20,"Article 260(2) of the Treaty on the Functioning of the European Union (TFEU): referral to the Court of Justice (non-compliance with a Court judgment)",1
501,2013,1,"Article 108(4) of the Treaty on the Functioning of the European Union (TFEU): exempt from notification under Article 108(3)",597
502,2013,2,"Article 4(2) of Council Regulation (EU) 2015/1589: decision does not constitute aid",37
503,2013,3,"Article 4(3) of Council Regulation (EU) 2015/1589: decision not to raise objections",617
504,2013,4,"Article 4(4) of Council Regulation (EU) 2015/1589: decision to initiate the formal investigation procedure",17
505,2013,5,"Article 4(4) of Council Regulation (EU) 2015/1589: decision to extend proceedings",0
506,2013,6,"Article 9(2) of Council Regulation (EU) 2015/1589: decision does not constitute aid (after formal investigation procedure)",4
507,2013,7,"Article 9(3) of Council Regulation (EU) 2015/1589: positive decision",4
508,2013,8,"Article 9(4) of Council Regulation (EU) 2015/1589: conditional decision",0
509,2013,9,"Article 9(5) of Council Regulation (EU) 2015/1589: negative decision on notified aid",0
510,2013,10,"Articles 9(5) and 16(1) of Council Regulation (EU) 2015/1589: negative decision without recovery",1
511,2013,11,"Articles 9(5) and 16(1) of Council Regulation (EU) 2015/1589: negative decision with recovery",9
512,2013,12,"Article 10(1) of Council Regulation (EU) 2015/1589: withdrawal of notification (before formal investigation procedure)",0
513,2013,13,"Article 10(2) of Council Regulation (EU) 2015/1589: withdrawal of notification (after formal investigation procedure)",0
514,2013,14,"Article 11 of Council Regulation (EU) 2015/1589: revocation of a decision",0
515,2013,15,"Article 12(3) of Council Regulation (EU) 2015/1589: information injunction",1
516,2013,16,"Article 13(1) of Council Regulation (EU) 2015/1589: suspension injunction",0
517,2013,17,"Article 14 of Council Regulation (EU) 2015/1589: referral to the Court of Justice (non-compliance with an injunction)",0
518,2013,18,"Article 22 of Council Regulation (EU) 2015/1589: proposal for appropriate measures",0
519,2013,19,"Article 108(2) of the Treaty on the Functioning of the European Union (TFEU): referral to the Court of Justice (non-compliance with a Commission decision)",1
520,2013,20,"Article 260(2) of the Treaty on the Functioning of the European Union (TFEU): referral to the Court of Justice (non-compliance with a Court judgment)",0
521,2014,1,"Article 108(4) of the Treaty on the Functioning of the European Union (TFEU): exempt from notification under Article 108(3)",1151
522,2014,2,"Article 4(2) of Council Regulation (EU) 2015/1589: decision does not constitute aid",11
523,2014,3,"Article 4(3) of Council Regulation (EU) 2015/1589: decision not to raise objections",345
524,2014,4,"Article 4(4) of Council Regulation (EU) 2015/1589: decision to initiate the formal investigation procedure",33
525,2014,5,"Article 4(4) of Council Regulation (EU) 2015/1589: decision to extend proceedings",2
526,2014,6,"Article 9(2) of Council Regulation (EU) 2015/1589: decision does not constitute aid (after formal investigation procedure)",3
527,2014,7,"Article 9(3) of Council Regulation (EU) 2015/1589: positive decision",13
528,2014,8,"Article 9(4) of Council Regulation (EU) 2015/1589: conditional decision",1
529,2014,9,"Article 9(5) of Council Regulation (EU) 2015/1589: negative decision on notified aid",0
530,2014,10,"Articles 9(5) and 16(1) of Council Regulation (EU) 2015/1589: negative decision without recovery",4
531,2014,11,"Articles 9(5) and 16(1) of Council Regulation (EU) 2015/1589: negative decision with recovery",17
532,2014,12,"Article 10(1) of Council Regulation (EU) 2015/1589: withdrawal of notification (before formal investigation procedure)",0
533,2014,13,"Article 10(2) of Council Regulation (EU) 2015/1589: withdrawal of notification (after formal investigation procedure)",0
534,2014,14,"Article 11 of Council Regulation (EU) 2015/1589: revocation of a decision",0
535,2014,15,"Article 12(3) of Council Regulation (EU) 2015/1589: information injunction",0
536,2014,16,"Article 13(1) of Council Regulation (EU) 2015/1589: suspension injunction",2
537,2014,17,"Article 14 of Council Regulation (EU) 2015/1589: referral to the Court of Justice (non-compliance with an injunction)",0
538,2014,18,"Article 22 of Council Regulation (EU) 2015/1589: proposal for appropriate measures",3
539,2014,19,"Article 108(2) of the Treaty on the Functioning of the European Union (TFEU): referral to the Court of Justice (non-compliance with a Commission decision)",2
540,2014,20,"Article 260(2) of the Treaty on the Functioning of the European Union (TFEU): referral to the Court of Justice (non-compliance with a Court judgment)",0
541,2015,1,"Article 108(4) of the Treaty on the Functioning of the European Union (TFEU): exempt from notification under Article 108(3)",2696
542,2015,2,"Article 4(2) of Council Regulation (EU) 2015/1589: decision does not constitute aid",17
543,2015,3,"Article 4(3) of Council Regulation (EU) 2015/1589: decision not to raise objections",299
544,2015,4,"Article 4(4) of Council Regulation (EU) 2015/1589: decision to initiate the formal investigation procedure",14
545,2015,5,"Article 4(4) of Council Regulation (EU) 2015/1589: decision to extend proceedings",3
546,2015,6,"Article 9(2) of Council Regulation (EU) 2015/1589: decision does not constitute aid (after formal investigation procedure)",3
547,2015,7,"Article 9(3) of Council Regulation (EU) 2015/1589: positive decision",5
548,2015,8,"Article 9(4) of Council Regulation (EU) 2015/1589: conditional decision",3
549,2015,9,"Article 9(5) of Council Regulation (EU) 2015/1589: negative decision on notified aid",0
550,2015,10,"Articles 9(5) and 16(1) of Council Regulation (EU) 2015/1589: negative decision without recovery",2
551,2015,11,"Articles 9(5) and 16(1) of Council Regulation (EU) 2015/1589: negative decision with recovery",3
552,2015,12,"Article 10(1) of Council Regulation (EU) 2015/1589: withdrawal of notification (before formal investigation procedure)",0
553,2015,13,"Article 10(2) of Council Regulation (EU) 2015/1589: withdrawal of notification (after formal investigation procedure)",0
554,2015,14,"Article 11 of Council Regulation (EU) 2015/1589: revocation of a decision",0
555,2015,15,"Article 12(3) of Council Regulation (EU) 2015/1589: information injunction",1
556,2015,16,"Article 13(1) of Council Regulation (EU) 2015/1589: suspension injunction",2
557,2015,17,"Article 14 of Council Regulation (EU) 2015/1589: referral to the Court of Justice (non-compliance with an injunction)",0
558,2015,18,"Article 22 of Council Regulation (EU) 2015/1589: proposal for appropriate measures",1
559,2015,19,"Article 108(2) of the Treaty on the Functioning of the European Union (TFEU): referral to the Court of Justice (non-compliance with a Commission decision)",0
560,2015,20,"Article 260(2) of the Treaty on the Functioning of the European Union (TFEU): referral to the Court of Justice (non-compliance with a Court judgment)",0
561,2016,1,"Article 108(4) of the Treaty on the Functioning of the European Union (TFEU): exempt from notification under Article 108(3)",2168
562,2016,2,"Article 4(2) of Council Regulation (EU) 2015/1589: decision does not constitute aid",15
563,2016,3,"Article 4(3) of Council Regulation (EU) 2015/1589: decision not to raise objections",276
564,2016,4,"Article 4(4) of Council Regulation (EU) 2015/1589: decision to initiate the formal investigation procedure",16
565,2016,5,"Article 4(4) of Council Regulation (EU) 2015/1589: decision to extend proceedings",2
566,2016,6,"Article 9(2) of Council Regulation (EU) 2015/1589: decision does not constitute aid (after formal investigation procedure)",1
567,2016,7,"Article 9(3) of Council Regulation (EU) 2015/1589: positive decision",4
568,2016,8,"Article 9(4) of Council Regulation (EU) 2015/1589: conditional decision",0
569,2016,9,"Article 9(5) of Council Regulation (EU) 2015/1589: negative decision on notified aid",0
570,2016,10,"Articles 9(5) and 16(1) of Council Regulation (EU) 2015/1589: negative decision without recovery",2
571,2016,11,"Articles 9(5) and 16(1) of Council Regulation (EU) 2015/1589: negative decision with recovery",4
572,2016,12,"Article 10(1) of Council Regulation (EU) 2015/1589: withdrawal of notification (before formal investigation procedure)",0
573,2016,13,"Article 10(2) of Council Regulation (EU) 2015/1589: withdrawal of notification (after formal investigation procedure)",1
574,2016,14,"Article 11 of Council Regulation (EU) 2015/1589: revocation of a decision",0
575,2016,15,"Article 12(3) of Council Regulation (EU) 2015/1589: information injunction",0
576,2016,16,"Article 13(1) of Council Regulation (EU) 2015/1589: suspension injunction",1
577,2016,17,"Article 14 of Council Regulation (EU) 2015/1589: referral to the Court of Justice (non-compliance with an injunction)",0
578,2016,18,"Article 22 of Council Regulation (EU) 2015/1589: proposal for appropriate measures",0
579,2016,19,"Article 108(2) of the Treaty on the Functioning of the European Union (TFEU): referral to the Court of Justice (non-compliance with a Commission decision)",0
580,2016,20,"Article 260(2) of the Treaty on the Functioning of the European Union (TFEU): referral to the Court of Justice (non-compliance with a Court judgment)",0
581,2017,1,"Article 108(4) of the Treaty on the Functioning of the European Union (TFEU): exempt from notification under Article 108(3)",1947
582,2017,2,"Article 4(2) of Council Regulation (EU) 2015/1589: decision does not constitute aid",7
583,2017,3,"Article 4(3) of Council Regulation (EU) 2015/1589: decision not to raise objections",239
584,2017,4,"Article 4(4) of Council Regulation (EU) 2015/1589: decision to initiate the formal investigation procedure",15
585,2017,5,"Article 4(4) of Council Regulation (EU) 2015/1589: decision to extend proceedings",0
586,2017,6,"Article 9(2) of Council Regulation (EU) 2015/1589: decision does not constitute aid (after formal investigation procedure)",1
587,2017,7,"Article 9(3) of Council Regulation (EU) 2015/1589: positive decision",1
588,2017,8,"Article 9(4) of Council Regulation (EU) 2015/1589: conditional decision",0
589,2017,9,"Article 9(5) of Council Regulation (EU) 2015/1589: negative decision on notified aid",1
590,2017,10,"Articles 9(5) and 16(1) of Council Regulation (EU) 2015/1589: negative decision without recovery",1
591,2017,11,"Articles 9(5) and 16(1) of Council Regulation (EU) 2015/1589: negative decision with recovery",3
592,2017,12,"Article 10(1) of Council Regulation (EU) 2015/1589: withdrawal of notification (before formal investigation procedure)",0
593,2017,13,"Article 10(2) of Council Regulation (EU) 2015/1589: withdrawal of notification (after formal investigation procedure)",0
594,2017,14,"Article 11 of Council Regulation (EU) 2015/1589: revocation of a decision",0
595,2017,15,"Article 12(3) of Council Regulation (EU) 2015/1589: information injunction",0
596,2017,16,"Article 13(1) of Council Regulation (EU) 2015/1589: suspension injunction",0
597,2017,17,"Article 14 of Council Regulation (EU) 2015/1589: referral to the Court of Justice (non-compliance with an injunction)",0
598,2017,18,"Article 22 of Council Regulation (EU) 2015/1589: proposal for appropriate measures",1
599,2017,19,"Article 108(2) of the Treaty on the Functioning of the European Union (TFEU): referral to the Court of Justice (non-compliance with a Commission decision)",0
600,2017,20,"Article 260(2) of the Treaty on the Functioning of the European Union (TFEU): referral to the Court of Justice (non-compliance with a Court judgment)",0
601,2018,1,"Article 108(4) of the Treaty on the Functioning of the European Union (TFEU): exempt from notification under Article 108(3)",2215
602,2018,2,"Article 4(2) of Council Regulation (EU) 2015/1589: decision does not constitute aid",5
603,2018,3,"Article 4(3) of Council Regulation (EU) 2015/1589: decision not to raise objections",172
604,2018,4,"Article 4(4) of Council Regulation (EU) 2015/1589: decision to initiate the formal investigation procedure",10
605,2018,5,"Article 4(4) of Council Regulation (EU) 2015/1589: decision to extend proceedings",1
606,2018,6,"Article 9(2) of Council Regulation (EU) 2015/1589: decision does not constitute aid (after formal investigation procedure)",0
607,2018,7,"Article 9(3) of Council Regulation (EU) 2015/1589: positive decision",1
608,2018,8,"Article 9(4) of Council Regulation (EU) 2015/1589: conditional decision",0
609,2018,9,"Article 9(5) of Council Regulation (EU) 2015/1589: negative decision on notified aid",0
610,2018,10,"Articles 9(5) and 16(1) of Council Regulation (EU) 2015/1589: negative decision without recovery",0
611,2018,11,"Articles 9(5) and 16(1) of Council Regulation (EU) 2015/1589: negative decision with recovery",0
612,2018,12,"Article 10(1) of Council Regulation (EU) 2015/1589: withdrawal of notification (before formal investigation procedure)",0
613,2018,13,"Article 10(2) of Council Regulation (EU) 2015/1589: withdrawal of notification (after formal investigation procedure)",0
614,2018,14,"Article 11 of Council Regulation (EU) 2015/1589: revocation of a decision",0
615,2018,15,"Article 12(3) of Council Regulation (EU) 2015/1589: information injunction",0
616,2018,16,"Article 13(1) of Council Regulation (EU) 2015/1589: suspension injunction",0
617,2018,17,"Article 14 of Council Regulation (EU) 2015/1589: referral to the Court of Justice (non-compliance with an injunction)",0
618,2018,18,"Article 22 of Council Regulation (EU) 2015/1589: proposal for appropriate measures",0
619,2018,19,"Article 108(2) of the Treaty on the Functioning of the European Union (TFEU): referral to the Court of Justice (non-compliance with a Commission decision)",0
620,2018,20,"Article 260(2) of the Treaty on the Functioning of the European Union (TFEU): referral to the Court of Justice (non-compliance with a Court judgment)",0
621,2019,1,"Article 108(4) of the Treaty on the Functioning of the European Union (TFEU): exempt from notification under Article 108(3)",2522
622,2019,2,"Article 4(2) of Council Regulation (EU) 2015/1589: decision does not constitute aid",1
623,2019,3,"Article 4(3) of Council Regulation (EU) 2015/1589: decision not to raise objections",202
624,2019,4,"Article 4(4) of Council Regulation (EU) 2015/1589: decision to initiate the formal investigation procedure",48
625,2019,5,"Article 4(4) of Council Regulation (EU) 2015/1589: decision to extend proceedings",0
626,2019,6,"Article 9(2) of Council Regulation (EU) 2015/1589: decision does not constitute aid (after formal investigation procedure)",0
627,2019,7,"Article 9(3) of Council Regulation (EU) 2015/1589: positive decision",0
628,2019,8,"Article 9(4) of Council Regulation (EU) 2015/1589: conditional decision",0
629,2019,9,"Article 9(5) of Council Regulation (EU) 2015/1589: negative decision on notified aid",0
630,2019,10,"Articles 9(5) and 16(1) of Council Regulation (EU) 2015/1589: negative decision without recovery",0
631,2019,11,"Articles 9(5) and 16(1) of Council Regulation (EU) 2015/1589: negative decision with recovery",0
632,2019,12,"Article 10(1) of Council Regulation (EU) 2015/1589: withdrawal of notification (before formal investigation procedure)",0
633,2019,13,"Article 10(2) of Council Regulation (EU) 2015/1589: withdrawal of notification (after formal investigation procedure)",0
634,2019,14,"Article 11 of Council Regulation (EU) 2015/1589: revocation of a decision",0
635,2019,15,"Article 12(3) of Council Regulation (EU) 2015/1589: information injunction",0
636,2019,16,"Article 13(1) of Council Regulation (EU) 2015/1589: suspension injunction",0
637,2019,17,"Article 14 of Council Regulation (EU) 2015/1589: referral to the Court of Justice (non-compliance with an injunction)",0
638,2019,18,"Article 22 of Council Regulation (EU) 2015/1589: proposal for appropriate measures",1
639,2019,19,"Article 108(2) of the Treaty on the Functioning of the European Union (TFEU): referral to the Court of Justice (non-compliance with a Commission decision)",0
640,2019,20,"Article 260(2) of the Treaty on the Functioning of the European Union (TFEU): referral to the Court of Justice (non-compliance with a Court judgment)",0
641,2020,1,"Article 108(4) of the Treaty on the Functioning of the European Union (TFEU): exempt from notification under Article 108(3)",1237
642,2020,2,"Article 4(2) of Council Regulation (EU) 2015/1589: decision does not constitute aid",0
643,2020,3,"Article 4(3) of Council Regulation (EU) 2015/1589: decision not to raise objections",332
644,2020,4,"Article 4(4) of Council Regulation (EU) 2015/1589: decision to initiate the formal investigation procedure",0
645,2020,5,"Article 4(4) of Council Regulation (EU) 2015/1589: decision to extend proceedings",0
646,2020,6,"Article 9(2) of Council Regulation (EU) 2015/1589: decision does not constitute aid (after formal investigation procedure)",0
647,2020,7,"Article 9(3) of Council Regulation (EU) 2015/1589: positive decision",0
648,2020,8,"Article 9(4) of Council Regulation (EU) 2015/1589: conditional decision",0
649,2020,9,"Article 9(5) of Council Regulation (EU) 2015/1589: negative decision on notified aid",0
650,2020,10,"Articles 9(5) and 16(1) of Council Regulation (EU) 2015/1589: negative decision without recovery",0
651,2020,11,"Articles 9(5) and 16(1) of Council Regulation (EU) 2015/1589: negative decision with recovery",0
652,2020,12,"Article 10(1) of Council Regulation (EU) 2015/1589: withdrawal of notification (before formal investigation procedure)",0
653,2020,13,"Article 10(2) of Council Regulation (EU) 2015/1589: withdrawal of notification (after formal investigation procedure)",0
654,2020,14,"Article 11 of Council Regulation (EU) 2015/1589: revocation of a decision",0
655,2020,15,"Article 12(3) of Council Regulation (EU) 2015/1589: information injunction",0
656,2020,16,"Article 13(1) of Council Regulation (EU) 2015/1589: suspension injunction",0
657,2020,17,"Article 14 of Council Regulation (EU) 2015/1589: referral to the Court of Justice (non-compliance with an injunction)",0
658,2020,18,"Article 22 of Council Regulation (EU) 2015/1589: proposal for appropriate measures",0
659,2020,19,"Article 108(2) of the Treaty on the Functioning of the European Union (TFEU): referral to the Court of Justice (non-compliance with a Commission decision)",0
660,2020,20,"Article 260(2) of the Treaty on the Functioning of the European Union (TFEU): referral to the Court of Justice (non-compliance with a Court judgment)",0
