"key_ID","NACE_sector_ID","NACE_sector_code","NACE_sector","NACE_code","NACE_description"
1,1,"A","agriculture, forestry and fishing","A","agriculture, forestry and fishing"
2,1,"A","agriculture, forestry and fishing","A1","crop and animal production, hunting and related service activities"
3,1,"A","agriculture, forestry and fishing","A1.1","growing of non-perennial crops"
4,1,"A","agriculture, forestry and fishing","A1.1.1","growing of cereals (except rice), leguminous crops and oil seeds"
5,1,"A","agriculture, forestry and fishing","A1.1.2","growing of rice"
6,1,"A","agriculture, forestry and fishing","A1.1.3","growing of vegetables and melons, roots and tubers"
7,1,"A","agriculture, forestry and fishing","A1.1.4","growing of sugar cane"
8,1,"A","agriculture, forestry and fishing","A1.1.5","growing of tobacco"
9,1,"A","agriculture, forestry and fishing","A1.1.6","growing of fibre crops"
10,1,"A","agriculture, forestry and fishing","A1.1.9","growing of other non-perennial crops"
11,1,"A","agriculture, forestry and fishing","A1.2","growing of perennial crops"
12,1,"A","agriculture, forestry and fishing","A1.2.1","growing of grapes"
13,1,"A","agriculture, forestry and fishing","A1.2.2","growing of tropical and subtropical fruits"
14,1,"A","agriculture, forestry and fishing","A1.2.3","growing of citrus fruits"
15,1,"A","agriculture, forestry and fishing","A1.2.4","growing of pome fruits and stone fruits"
16,1,"A","agriculture, forestry and fishing","A1.2.5","growing of other tree and bush fruits and nuts"
17,1,"A","agriculture, forestry and fishing","A1.2.6","growing of oleaginous fruits"
18,1,"A","agriculture, forestry and fishing","A1.2.7","growing of beverage crops"
19,1,"A","agriculture, forestry and fishing","A1.2.8","growing of spices, aromatic, drug and pharmaceutical crops"
20,1,"A","agriculture, forestry and fishing","A1.2.9","growing of other perennial crops"
21,1,"A","agriculture, forestry and fishing","A1.3","plant propagation"
22,1,"A","agriculture, forestry and fishing","A1.4","animal production"
23,1,"A","agriculture, forestry and fishing","A1.4.1","raising of dairy cattle"
24,1,"A","agriculture, forestry and fishing","A1.4.2","raising of other cattle and buffaloes"
25,1,"A","agriculture, forestry and fishing","A1.4.3","raising of horses and other equines"
26,1,"A","agriculture, forestry and fishing","A1.4.4","raising of camels and camelids"
27,1,"A","agriculture, forestry and fishing","A1.4.5","raising of sheep and goats"
28,1,"A","agriculture, forestry and fishing","A1.4.6","raising of swine/pigs"
29,1,"A","agriculture, forestry and fishing","A1.4.7","raising of poultry"
30,1,"A","agriculture, forestry and fishing","A1.4.9","raising of other animals"
31,1,"A","agriculture, forestry and fishing","A1.5","mixed farming"
32,1,"A","agriculture, forestry and fishing","A1.6","support activities to agriculture and post-harvest crop activities"
33,1,"A","agriculture, forestry and fishing","A1.6.1","support activities for crop production"
34,1,"A","agriculture, forestry and fishing","A1.6.2","support activities for animal production"
35,1,"A","agriculture, forestry and fishing","A1.6.3","post-harvest crop activities"
36,1,"A","agriculture, forestry and fishing","A1.6.4","seed processing for propagation"
37,1,"A","agriculture, forestry and fishing","A1.7","hunting, trapping and related service activities"
38,1,"A","agriculture, forestry and fishing","A2","forestry and logging"
39,1,"A","agriculture, forestry and fishing","A2.1","silviculture and other forestry activities"
40,1,"A","agriculture, forestry and fishing","A2.2","logging"
41,1,"A","agriculture, forestry and fishing","A2.3","gathering of wild growing non-wood products"
42,1,"A","agriculture, forestry and fishing","A2.4","support services to forestry"
43,1,"A","agriculture, forestry and fishing","A3","fishing and aquaculture"
44,1,"A","agriculture, forestry and fishing","A3.1","fishing"
45,1,"A","agriculture, forestry and fishing","A3.1.1","marine fishing"
46,1,"A","agriculture, forestry and fishing","A3.1.2","freshwater fishing"
47,1,"A","agriculture, forestry and fishing","A3.2","aquaculture"
48,1,"A","agriculture, forestry and fishing","A3.2.1","marine aquaculture"
49,1,"A","agriculture, forestry and fishing","A3.2.2","freshwater aquaculture"
50,2,"B","mining and quarrying","B","mining and quarrying"
51,2,"B","mining and quarrying","B5","mining of coal and lignite"
52,2,"B","mining and quarrying","B5.1","mining of hard coal"
53,2,"B","mining and quarrying","B5.2","mining of lignite"
54,2,"B","mining and quarrying","B6","extraction of crude petroleum and natural gas"
55,2,"B","mining and quarrying","B6.1","extraction of crude petroleum"
56,2,"B","mining and quarrying","B6.2","extraction of natural gas"
57,2,"B","mining and quarrying","B7","mining of metal ores"
58,2,"B","mining and quarrying","B7.1","mining of iron ores"
59,2,"B","mining and quarrying","B7.2","mining of non-ferrous metal ores"
60,2,"B","mining and quarrying","B7.2.1","mining of uranium and thorium ores"
61,2,"B","mining and quarrying","B7.2.9","mining of other non-ferrous metal ores"
62,2,"B","mining and quarrying","B8","other mining and quarrying"
63,2,"B","mining and quarrying","B8.1","quarrying of stone, sand and clay"
64,2,"B","mining and quarrying","B8.1.1","quarrying of ornamental and building stone, limestone, gypsum, chalk and slate"
65,2,"B","mining and quarrying","B8.1.2","operation of gravel and sand pits; mining of clays and kaolin"
66,2,"B","mining and quarrying","B8.9","mining and quarrying n.e.c."
67,2,"B","mining and quarrying","B8.9.1","mining of chemical and fertiliser minerals"
68,2,"B","mining and quarrying","B8.9.2","extraction of peat"
69,2,"B","mining and quarrying","B8.9.3","extraction of salt"
70,2,"B","mining and quarrying","B8.9.9","other mining and quarrying n.e.c."
71,2,"B","mining and quarrying","B9","mining support service activities"
72,2,"B","mining and quarrying","B9.1","support activities for petroleum and natural gas extraction"
73,2,"B","mining and quarrying","B9.9","support activities for other mining and quarrying"
74,3,"C","manufacturing","C","manufacturing"
75,3,"C","manufacturing","C10","manufacture of food products"
76,3,"C","manufacturing","C10.1","processing and preserving of meat and production of meat products"
77,3,"C","manufacturing","C10.1.1","processing and preserving of meat"
78,3,"C","manufacturing","C10.1.2","processing and preserving of poultry meat"
79,3,"C","manufacturing","C10.1.3","production of meat and poultry meat products"
80,3,"C","manufacturing","C10.2","processing and preserving of fish, crustaceans and molluscs"
81,3,"C","manufacturing","C10.3","processing and preserving of fruit and vegetables"
82,3,"C","manufacturing","C10.3.1","processing and preserving of potatoes"
83,3,"C","manufacturing","C10.3.2","manufacture of fruit and vegetable juice"
84,3,"C","manufacturing","C10.3.9","other processing and preserving of fruit and vegetables"
85,3,"C","manufacturing","C10.4","manufacture of vegetable and animal oils and fats"
86,3,"C","manufacturing","C10.4.1","manufacture of oils and fats"
87,3,"C","manufacturing","C10.4.2","manufacture of margarine and similar edible fats"
88,3,"C","manufacturing","C10.5","manufacture of dairy products"
89,3,"C","manufacturing","C10.5.1","operation of dairies and cheese making"
90,3,"C","manufacturing","C10.5.2","manufacture of ice cream"
91,3,"C","manufacturing","C10.6","manufacture of grain mill products, starches and starch products"
92,3,"C","manufacturing","C10.6.1","manufacture of grain mill products"
93,3,"C","manufacturing","C10.6.2","manufacture of starches and starch products"
94,3,"C","manufacturing","C10.7","manufacture of bakery and farinaceous products"
95,3,"C","manufacturing","C10.7.1","manufacture of bread; manufacture of fresh pastry goods and cakes"
96,3,"C","manufacturing","C10.7.2","manufacture of rusks and biscuits; manufacture of preserved pastry goods and cakes"
97,3,"C","manufacturing","C10.7.3","manufacture of macaroni, noodles, couscous and similar farinaceous products"
98,3,"C","manufacturing","C10.8","manufacture of other food products"
99,3,"C","manufacturing","C10.8.1","manufacture of sugar"
100,3,"C","manufacturing","C10.8.2","manufacture of cocoa, chocolate and sugar confectionery"
101,3,"C","manufacturing","C10.8.3","processing of tea and coffee"
102,3,"C","manufacturing","C10.8.4","manufacture of condiments and seasonings"
103,3,"C","manufacturing","C10.8.5","manufacture of prepared meals and dishes"
104,3,"C","manufacturing","C10.8.6","manufacture of homogenised food preparations and dietetic food"
105,3,"C","manufacturing","C10.8.9","manufacture of other food products n.e.c."
106,3,"C","manufacturing","C10.9","manufacture of prepared animal feeds"
107,3,"C","manufacturing","C10.9.1","manufacture of prepared feeds for farm animals"
108,3,"C","manufacturing","C10.9.2","manufacture of prepared pet foods"
109,3,"C","manufacturing","C11","manufacture of beverages"
110,3,"C","manufacturing","C11.0.1","distilling, rectifying and blending of spirits"
111,3,"C","manufacturing","C11.0.2","manufacture of wine from grape"
112,3,"C","manufacturing","C11.0.3","manufacture of cider and other fruit wines"
113,3,"C","manufacturing","C11.0.4","manufacture of other non-distilled fermented beverages"
114,3,"C","manufacturing","C11.0.5","manufacture of beer"
115,3,"C","manufacturing","C11.0.6","manufacture of malt"
116,3,"C","manufacturing","C11.0.7","manufacture of soft drinks; production of mineral waters and other bottled waters"
117,3,"C","manufacturing","C12","manufacture of tobacco products"
118,3,"C","manufacturing","C13","manufacture of textiles"
119,3,"C","manufacturing","C13.1","preparation and spinning of textile fibres"
120,3,"C","manufacturing","C13.2","weaving of textiles"
121,3,"C","manufacturing","C13.3","finishing of textiles"
122,3,"C","manufacturing","C13.9","manufacture of other textiles"
123,3,"C","manufacturing","C13.9.1","manufacture of knitted and crocheted fabrics"
124,3,"C","manufacturing","C13.9.2","manufacture of made-up textile articles, except apparel"
125,3,"C","manufacturing","C13.9.3","manufacture of carpets and rugs"
126,3,"C","manufacturing","C13.9.4","manufacture of cordage, rope, twine and netting"
127,3,"C","manufacturing","C13.9.5","manufacture of non-wovens and articles made from non-wovens, except apparel"
128,3,"C","manufacturing","C13.9.6","manufacture of other technical and industrial textiles"
129,3,"C","manufacturing","C13.9.9","manufacture of other textiles n.e.c."
130,3,"C","manufacturing","C14","manufacture of wearing apparel"
131,3,"C","manufacturing","C14.1","manufacture of wearing apparel, except fur apparel"
132,3,"C","manufacturing","C14.1.1","manufacture of leather clothes"
133,3,"C","manufacturing","C14.1.2","manufacture of workwear"
134,3,"C","manufacturing","C14.1.3","manufacture of other outerwear"
135,3,"C","manufacturing","C14.1.4","manufacture of underwear"
136,3,"C","manufacturing","C14.1.9","manufacture of other wearing apparel and accessories"
137,3,"C","manufacturing","C14.2","manufacture of articles of fur"
138,3,"C","manufacturing","C14.3","manufacture of knitted and crocheted apparel"
139,3,"C","manufacturing","C14.3.1","manufacture of knitted and crocheted hosiery"
140,3,"C","manufacturing","C14.3.9","manufacture of other knitted and crocheted apparel"
141,3,"C","manufacturing","C15","manufacture of leather and related products"
142,3,"C","manufacturing","C15.1","tanning and dressing of leather; manufacture of luggage, handbags, saddlery and harness; dressing and dyeing of fur"
143,3,"C","manufacturing","C15.1.1","tanning and dressing of leather; dressing and dyeing of fur"
144,3,"C","manufacturing","C15.1.2","manufacture of luggage, handbags and the like, saddlery and harness"
145,3,"C","manufacturing","C15.2","manufacture of footwear"
146,3,"C","manufacturing","C16","manufacture of wood and of products of wood and cork, except furniture; manufacture of articles of straw and plaiting materials"
147,3,"C","manufacturing","C16.1","sawmilling and planing of wood"
148,3,"C","manufacturing","C16.2","manufacture of products of wood, cork, straw and plaiting materials"
149,3,"C","manufacturing","C16.2.1","manufacture of veneer sheets and wood-based panels"
150,3,"C","manufacturing","C16.2.2","manufacture of assembled parquet floors"
151,3,"C","manufacturing","C16.2.3","manufacture of other builders' carpentry and joinery"
152,3,"C","manufacturing","C16.2.4","manufacture of wooden containers"
153,3,"C","manufacturing","C16.2.9","manufacture of other products of wood; manufacture of articles of cork, straw and plaiting materials"
154,3,"C","manufacturing","C17","manufacture of paper and paper products"
155,3,"C","manufacturing","C17.1","manufacture of pulp, paper and paperboard"
156,3,"C","manufacturing","C17.1.1","manufacture of pulp"
157,3,"C","manufacturing","C17.1.2","manufacture of paper and paperboard"
158,3,"C","manufacturing","C17.2","manufacture of articles of paper and paperboard"
159,3,"C","manufacturing","C17.2.1","manufacture of corrugated paper and paperboard and of containers of paper and paperboard"
160,3,"C","manufacturing","C17.2.2","manufacture of household and sanitary goods and of toilet requisites"
161,3,"C","manufacturing","C17.2.3","manufacture of paper stationery"
162,3,"C","manufacturing","C17.2.4","manufacture of wallpaper"
163,3,"C","manufacturing","C17.2.9","manufacture of other articles of paper and paperboard"
164,3,"C","manufacturing","C18","printing and reproduction of recorded media"
165,3,"C","manufacturing","C18.1","printing and service activities related to printing"
166,3,"C","manufacturing","C18.1.1","printing of newspapers"
167,3,"C","manufacturing","C18.1.2","other printing"
168,3,"C","manufacturing","C18.1.3","pre-press and pre-media services"
169,3,"C","manufacturing","C18.1.4","binding and related services"
170,3,"C","manufacturing","C18.2","reproduction of recorded media"
171,3,"C","manufacturing","C19","manufacture of coke and refined petroleum products"
172,3,"C","manufacturing","C19.1","manufacture of coke oven products"
173,3,"C","manufacturing","C19.2","manufacture of refined petroleum products"
174,3,"C","manufacturing","C20","manufacture of chemicals and chemical products"
175,3,"C","manufacturing","C20.1","manufacture of basic chemicals, fertilisers and nitrogen compounds, plastics and synthetic rubber in primary forms"
176,3,"C","manufacturing","C20.1.1","manufacture of industrial gases"
177,3,"C","manufacturing","C20.1.2","manufacture of dyes and pigments"
178,3,"C","manufacturing","C20.1.3","manufacture of other inorganic basic chemicals"
179,3,"C","manufacturing","C20.1.4","manufacture of other organic basic chemicals"
180,3,"C","manufacturing","C20.1.5","manufacture of fertilisers and nitrogen compounds"
181,3,"C","manufacturing","C20.1.6","manufacture of plastics in primary forms"
182,3,"C","manufacturing","C20.1.7","manufacture of synthetic rubber in primary forms"
183,3,"C","manufacturing","C20.2","manufacture of pesticides and other agrochemical products"
184,3,"C","manufacturing","C20.3","manufacture of paints, varnishes and similar coatings, printing ink and mastics"
185,3,"C","manufacturing","C20.4","manufacture of soap and detergents, cleaning and polishing preparations, perfumes and toilet preparations"
186,3,"C","manufacturing","C20.4.1","manufacture of soap and detergents, cleaning and polishing preparations"
187,3,"C","manufacturing","C20.4.2","manufacture of perfumes and toilet preparations"
188,3,"C","manufacturing","C20.5","manufacture of other chemical products"
189,3,"C","manufacturing","C20.5.1","manufacture of explosives"
190,3,"C","manufacturing","C20.5.2","manufacture of glues"
191,3,"C","manufacturing","C20.5.3","manufacture of essential oils"
192,3,"C","manufacturing","C20.5.9","manufacture of other chemical products n.e.c."
193,3,"C","manufacturing","C20.6","manufacture of man-made fibres"
194,3,"C","manufacturing","C21","manufacture of basic pharmaceutical products and pharmaceutical preparations"
195,3,"C","manufacturing","C21.1","manufacture of basic pharmaceutical products"
196,3,"C","manufacturing","C21.2","manufacture of pharmaceutical preparations"
197,3,"C","manufacturing","C22","manufacture of rubber and plastic products"
198,3,"C","manufacturing","C22.1","manufacture of rubber products"
199,3,"C","manufacturing","C22.1.1","manufacture of rubber tyres and tubes; retreading and rebuilding of rubber tyres"
200,3,"C","manufacturing","C22.1.9","manufacture of other rubber products"
201,3,"C","manufacturing","C22.2","manufacture of plastics products"
202,3,"C","manufacturing","C22.2.1","manufacture of plastic plates, sheets, tubes and profiles"
203,3,"C","manufacturing","C22.2.2","manufacture of plastic packing goods"
204,3,"C","manufacturing","C22.2.3","manufacture of builders' ware of plastic"
205,3,"C","manufacturing","C22.2.9","manufacture of other plastic products"
206,3,"C","manufacturing","C23","manufacture of other non-metallic mineral products"
207,3,"C","manufacturing","C23.1","manufacture of glass and glass products"
208,3,"C","manufacturing","C23.1.1","manufacture of flat glass"
209,3,"C","manufacturing","C23.1.2","shaping and processing of flat glass"
210,3,"C","manufacturing","C23.1.3","manufacture of hollow glass"
211,3,"C","manufacturing","C23.1.4","manufacture of glass fibres"
212,3,"C","manufacturing","C23.1.9","manufacture and processing of other glass, including technical glassware"
213,3,"C","manufacturing","C23.2","manufacture of refractory products"
214,3,"C","manufacturing","C23.3","manufacture of clay building materials"
215,3,"C","manufacturing","C23.3.1","manufacture of ceramic tiles and flags"
216,3,"C","manufacturing","C23.3.2","manufacture of bricks, tiles and construction products, in baked clay"
217,3,"C","manufacturing","C23.4","manufacture of other porcelain and ceramic products"
218,3,"C","manufacturing","C23.4.1","manufacture of ceramic household and ornamental articles"
219,3,"C","manufacturing","C23.4.2","manufacture of ceramic sanitary fixtures"
220,3,"C","manufacturing","C23.4.3","manufacture of ceramic insulators and insulating fittings"
221,3,"C","manufacturing","C23.4.4","manufacture of other technical ceramic products"
222,3,"C","manufacturing","C23.4.9","manufacture of other ceramic products"
223,3,"C","manufacturing","C23.5","manufacture of cement, lime and plaster"
224,3,"C","manufacturing","C23.5.1","manufacture of cement"
225,3,"C","manufacturing","C23.5.2","manufacture of lime and plaster"
226,3,"C","manufacturing","C23.6","manufacture of articles of concrete, cement and plaster"
227,3,"C","manufacturing","C23.6.1","manufacture of concrete products for construction purposes"
228,3,"C","manufacturing","C23.6.2","manufacture of plaster products for construction purposes"
229,3,"C","manufacturing","C23.6.3","manufacture of ready-mixed concrete"
230,3,"C","manufacturing","C23.6.4","manufacture of mortars"
231,3,"C","manufacturing","C23.6.5","manufacture of fibre cement"
232,3,"C","manufacturing","C23.6.9","manufacture of other articles of concrete, plaster and cement"
233,3,"C","manufacturing","C23.7","cutting, shaping and finishing of stone"
234,3,"C","manufacturing","C23.9","manufacture of abrasive products and non-metallic mineral products n.e.c."
235,3,"C","manufacturing","C23.9.1","production of abrasive products"
236,3,"C","manufacturing","C23.9.9","manufacture of other non-metallic mineral products n.e.c."
237,3,"C","manufacturing","C24","manufacture of basic metals"
238,3,"C","manufacturing","C24.1","manufacture of basic iron and steel and of ferro-alloys"
239,3,"C","manufacturing","C24.2","manufacture of tubes, pipes, hollow profiles and related fittings, of steel"
240,3,"C","manufacturing","C24.3","manufacture of other products of first processing of steel"
241,3,"C","manufacturing","C24.3.1","cold drawing of bars"
242,3,"C","manufacturing","C24.3.2","cold rolling of narrow strip"
243,3,"C","manufacturing","C24.3.3","cold forming or folding"
244,3,"C","manufacturing","C24.3.4","cold drawing of wire"
245,3,"C","manufacturing","C24.4","manufacture of basic precious and other non-ferrous metals"
246,3,"C","manufacturing","C24.4.1","precious metals production"
247,3,"C","manufacturing","C24.4.2","aluminium production"
248,3,"C","manufacturing","C24.4.3","lead, zinc and tin production"
249,3,"C","manufacturing","C24.4.4","copper production"
250,3,"C","manufacturing","C24.4.5","other non-ferrous metal production"
251,3,"C","manufacturing","C24.4.6","processing of nuclear fuel"
252,3,"C","manufacturing","C24.5","casting of metals"
253,3,"C","manufacturing","C24.5.1","casting of iron"
254,3,"C","manufacturing","C24.5.2","casting of steel"
255,3,"C","manufacturing","C24.5.3","casting of light metals"
256,3,"C","manufacturing","C24.5.4","casting of other non-ferrous metals"
257,3,"C","manufacturing","C25","manufacture of fabricated metal products, except machinery and equipment"
258,3,"C","manufacturing","C25.1","manufacture of structural metal products"
259,3,"C","manufacturing","C25.1.1","manufacture of metal structures and parts of structures"
260,3,"C","manufacturing","C25.1.2","manufacture of doors and windows of metal"
261,3,"C","manufacturing","C25.2","manufacture of tanks, reservoirs and containers of metal"
262,3,"C","manufacturing","C25.2.1","manufacture of central heating radiators and boilers"
263,3,"C","manufacturing","C25.2.9","manufacture of other tanks, reservoirs and containers of metal"
264,3,"C","manufacturing","C25.3","manufacture of steam generators, except central heating hot water boilers"
265,3,"C","manufacturing","C25.4","manufacture of weapons and ammunition"
266,3,"C","manufacturing","C25.5","forging, pressing, stamping and roll-forming of metal; powder metallurgy"
267,3,"C","manufacturing","C25.6","treatment and coating of metals; machining"
268,3,"C","manufacturing","C25.6.1","treatment and coating of metals"
269,3,"C","manufacturing","C25.6.2","machining"
270,3,"C","manufacturing","C25.7","manufacture of cutlery, tools and general hardware"
271,3,"C","manufacturing","C25.7.1","manufacture of cutlery"
272,3,"C","manufacturing","C25.7.2","manufacture of locks and hinges"
273,3,"C","manufacturing","C25.7.3","manufacture of tools"
274,3,"C","manufacturing","C25.9","manufacture of other fabricated metal products"
275,3,"C","manufacturing","C25.9.1","manufacture of steel drums and similar containers"
276,3,"C","manufacturing","C25.9.2","manufacture of light metal packaging"
277,3,"C","manufacturing","C25.9.3","manufacture of wire products, chain and springs"
278,3,"C","manufacturing","C25.9.4","manufacture of fasteners and screw machine products"
279,3,"C","manufacturing","C25.9.9","manufacture of other fabricated metal products n.e.c."
280,3,"C","manufacturing","C26","manufacture of computer, electronic and optical products"
281,3,"C","manufacturing","C26.1","manufacture of electronic components and boards"
282,3,"C","manufacturing","C26.1.1","manufacture of electronic components"
283,3,"C","manufacturing","C26.1.2","manufacture of loaded electronic boards"
284,3,"C","manufacturing","C26.2","manufacture of computers and peripheral equipment"
285,3,"C","manufacturing","C26.3","manufacture of communication equipment"
286,3,"C","manufacturing","C26.4","manufacture of consumer electronics"
287,3,"C","manufacturing","C26.5","manufacture of instruments and appliances for measuring, testing and navigation; watches and clocks"
288,3,"C","manufacturing","C26.5.1","manufacture of instruments and appliances for measuring, testing and navigation"
289,3,"C","manufacturing","C26.5.2","manufacture of watches and clocks"
290,3,"C","manufacturing","C26.6","manufacture of irradiation, electromedical and electrotherapeutic equipment"
291,3,"C","manufacturing","C26.7","manufacture of optical instruments and photographic equipment"
292,3,"C","manufacturing","C26.8","manufacture of magnetic and optical media"
293,3,"C","manufacturing","C27","manufacture of electrical equipment"
294,3,"C","manufacturing","C27.1","manufacture of electric motors, generators, transformers and electricity distribution and control apparatus"
295,3,"C","manufacturing","C27.1.1","manufacture of electric motors, generators and transformers"
296,3,"C","manufacturing","C27.1.2","manufacture of electricity distribution and control apparatus"
297,3,"C","manufacturing","C27.2","manufacture of batteries and accumulators"
298,3,"C","manufacturing","C27.3","manufacture of wiring and wiring devices"
299,3,"C","manufacturing","C27.3.1","manufacture of fibre optic cables"
300,3,"C","manufacturing","C27.3.2","manufacture of other electronic and electric wires and cables"
301,3,"C","manufacturing","C27.3.3","manufacture of wiring devices"
302,3,"C","manufacturing","C27.4","manufacture of electric lighting equipment"
303,3,"C","manufacturing","C27.5","manufacture of domestic appliances"
304,3,"C","manufacturing","C27.5.1","manufacture of electric domestic appliances"
305,3,"C","manufacturing","C27.5.2","manufacture of non-electric domestic appliances"
306,3,"C","manufacturing","C27.9","manufacture of other electrical equipment"
307,3,"C","manufacturing","C28","manufacture of machinery and equipment n.e.c."
308,3,"C","manufacturing","C28.1","manufacture of general-purpose machinery"
309,3,"C","manufacturing","C28.1.1","manufacture of engines and turbines, except aircraft, vehicle and cycle engines"
310,3,"C","manufacturing","C28.1.2","manufacture of fluid power equipment"
311,3,"C","manufacturing","C28.1.3","manufacture of other pumps and compressors"
312,3,"C","manufacturing","C28.1.4","manufacture of other taps and valves"
313,3,"C","manufacturing","C28.1.5","manufacture of bearings, gears, gearing and driving elements"
314,3,"C","manufacturing","C28.2","manufacture of other general-purpose machinery"
315,3,"C","manufacturing","C28.2.1","manufacture of ovens, furnaces and furnace burners"
316,3,"C","manufacturing","C28.2.2","manufacture of lifting and handling equipment"
317,3,"C","manufacturing","C28.2.3","manufacture of office machinery and equipment (except computers and peripheral equipment)"
318,3,"C","manufacturing","C28.2.4","manufacture of power-driven hand tools"
319,3,"C","manufacturing","C28.2.5","manufacture of non-domestic cooling and ventilation equipment"
320,3,"C","manufacturing","C28.2.9","manufacture of other general-purpose machinery n.e.c."
321,3,"C","manufacturing","C28.3","manufacture of agricultural and forestry machinery"
322,3,"C","manufacturing","C28.4","manufacture of metal forming machinery and machine tools"
323,3,"C","manufacturing","C28.4.1","manufacture of metal forming machinery"
324,3,"C","manufacturing","C28.4.9","manufacture of other machine tools"
325,3,"C","manufacturing","C28.9","manufacture of other special-purpose machinery"
326,3,"C","manufacturing","C28.9.1","manufacture of machinery for metallurgy"
327,3,"C","manufacturing","C28.9.2","manufacture of machinery for mining, quarrying and construction"
328,3,"C","manufacturing","C28.9.3","manufacture of machinery for food, beverage and tobacco processing"
329,3,"C","manufacturing","C28.9.4","manufacture of machinery for textile, apparel and leather production"
330,3,"C","manufacturing","C28.9.5","manufacture of machinery for paper and paperboard production"
331,3,"C","manufacturing","C28.9.6","manufacture of plastics and rubber machinery"
332,3,"C","manufacturing","C28.9.9","manufacture of other special-purpose machinery n.e.c."
333,3,"C","manufacturing","C29","manufacture of motor vehicles, trailers and semi-trailers"
334,3,"C","manufacturing","C29.1","manufacture of motor vehicles"
335,3,"C","manufacturing","C29.2","manufacture of bodies (coachwork) for motor vehicles; manufacture of trailers and semi-trailers"
336,3,"C","manufacturing","C29.3","manufacture of parts and accessories for motor vehicles"
337,3,"C","manufacturing","C29.3.1","manufacture of electrical and electronic equipment for motor vehicles"
338,3,"C","manufacturing","C29.3.2","manufacture of other parts and accessories for motor vehicles"
339,3,"C","manufacturing","C30","manufacture of other transport equipment"
340,3,"C","manufacturing","C30.1","building of ships and boats"
341,3,"C","manufacturing","C30.1.1","building of ships and floating structures"
342,3,"C","manufacturing","C30.1.2","building of pleasure and sporting boats"
343,3,"C","manufacturing","C30.2","manufacture of railway locomotives and rolling stock"
344,3,"C","manufacturing","C30.3","manufacture of air and spacecraft and related machinery"
345,3,"C","manufacturing","C30.4","manufacture of military fighting vehicles"
346,3,"C","manufacturing","C30.9","manufacture of transport equipment n.e.c."
347,3,"C","manufacturing","C30.9.1","manufacture of motorcycles"
348,3,"C","manufacturing","C30.9.2","manufacture of bicycles and invalid carriages"
349,3,"C","manufacturing","C30.9.9","manufacture of other transport equipment n.e.c."
350,3,"C","manufacturing","C31","manufacture of furniture"
351,3,"C","manufacturing","C31.0.1","manufacture of office and shop furniture"
352,3,"C","manufacturing","C31.0.2","manufacture of kitchen furniture"
353,3,"C","manufacturing","C31.0.3","manufacture of mattresses"
354,3,"C","manufacturing","C31.0.9","manufacture of other furniture"
355,3,"C","manufacturing","C32","other manufacturing"
356,3,"C","manufacturing","C32.1","manufacture of jewellery, bijouterie and related articles"
357,3,"C","manufacturing","C32.1.1","striking of coins"
358,3,"C","manufacturing","C32.1.2","manufacture of jewellery and related articles"
359,3,"C","manufacturing","C32.1.3","manufacture of imitation jewellery and related articles"
360,3,"C","manufacturing","C32.2","manufacture of musical instruments"
361,3,"C","manufacturing","C32.3","manufacture of sports goods"
362,3,"C","manufacturing","C32.4","manufacture of games and toys"
363,3,"C","manufacturing","C32.5","manufacture of medical and dental instruments and supplies"
364,3,"C","manufacturing","C32.9","manufacturing n.e.c."
365,3,"C","manufacturing","C32.9.1","manufacture of brooms and brushes"
366,3,"C","manufacturing","C32.9.9","other manufacturing n.e.c."
367,3,"C","manufacturing","C33","repair and installation of machinery and equipment"
368,3,"C","manufacturing","C33.1","repair of fabricated metal products, machinery and equipment"
369,3,"C","manufacturing","C33.1.1","repair of fabricated metal products"
370,3,"C","manufacturing","C33.1.2","repair of machinery"
371,3,"C","manufacturing","C33.1.3","repair of electronic and optical equipment"
372,3,"C","manufacturing","C33.1.4","repair of electrical equipment"
373,3,"C","manufacturing","C33.1.5","repair and maintenance of ships and boats"
374,3,"C","manufacturing","C33.1.6","repair and maintenance of aircraft and spacecraft"
375,3,"C","manufacturing","C33.1.7","repair and maintenance of other transport equipment"
376,3,"C","manufacturing","C33.1.9","repair of other equipment"
377,3,"C","manufacturing","C33.2","installation of industrial machinery and equipment"
378,4,"D","electricity, gas, steam and air conditioning supply","D","electricity, gas, steam and air conditioning supply"
379,4,"D","electricity, gas, steam and air conditioning supply","D35.1","electric power generation, transmission and distribution"
380,4,"D","electricity, gas, steam and air conditioning supply","D35.1.1","production of electricity"
381,4,"D","electricity, gas, steam and air conditioning supply","D35.1.2","transmission of electricity"
382,4,"D","electricity, gas, steam and air conditioning supply","D35.1.3","distribution of electricity"
383,4,"D","electricity, gas, steam and air conditioning supply","D35.1.4","trade of electricity"
384,4,"D","electricity, gas, steam and air conditioning supply","D35.2","manufacture of gas; distribution of gaseous fuels through mains"
385,4,"D","electricity, gas, steam and air conditioning supply","D35.2.1","manufacture of gas"
386,4,"D","electricity, gas, steam and air conditioning supply","D35.2.2","distribution of gaseous fuels through mains"
387,4,"D","electricity, gas, steam and air conditioning supply","D35.2.3","trade of gas through mains"
388,4,"D","electricity, gas, steam and air conditioning supply","D35.3","steam and air conditioning supply"
389,5,"E","water supply; sewerage; waste managment and remediation activities","E","water supply; sewerage; waste managment and remediation activities"
390,5,"E","water supply; sewerage; waste managment and remediation activities","E36","water collection, treatment and supply"
391,5,"E","water supply; sewerage; waste managment and remediation activities","E37","sewerage"
392,5,"E","water supply; sewerage; waste managment and remediation activities","E38","waste collection, treatment and disposal activities; materials recovery"
393,5,"E","water supply; sewerage; waste managment and remediation activities","E38.1","waste collection"
394,5,"E","water supply; sewerage; waste managment and remediation activities","E38.1.1","collection of non-hazardous waste"
395,5,"E","water supply; sewerage; waste managment and remediation activities","E38.1.2","collection of hazardous waste"
396,5,"E","water supply; sewerage; waste managment and remediation activities","E38.2","waste treatment and disposal"
397,5,"E","water supply; sewerage; waste managment and remediation activities","E38.2.1","treatment and disposal of non-hazardous waste"
398,5,"E","water supply; sewerage; waste managment and remediation activities","E38.2.2","treatment and disposal of hazardous waste"
399,5,"E","water supply; sewerage; waste managment and remediation activities","E38.3","materials recovery"
400,5,"E","water supply; sewerage; waste managment and remediation activities","E38.3.1","dismantling of wrecks"
401,5,"E","water supply; sewerage; waste managment and remediation activities","E38.3.2","recovery of sorted materials"
402,5,"E","water supply; sewerage; waste managment and remediation activities","E39","remediation activities and other waste management services"
403,6,"F","construction","F","construction"
404,6,"F","construction","F41","construction of buildings"
405,6,"F","construction","F41.1","development of building projects"
406,6,"F","construction","F41.2","construction of residential and non-residential buildings"
407,6,"F","construction","F42","civil engineering"
408,6,"F","construction","F42.1","construction of roads and railways"
409,6,"F","construction","F42.1.1","construction of roads and motorways"
410,6,"F","construction","F42.1.2","construction of railways and underground railways"
411,6,"F","construction","F42.1.3","construction of bridges and tunnels"
412,6,"F","construction","F42.2","construction of utility projects"
413,6,"F","construction","F42.2.1","construction of utility projects for fluids"
414,6,"F","construction","F42.2.2","construction of utility projects for electricity and telecommunications"
415,6,"F","construction","F42.9","construction of other civil engineering projects"
416,6,"F","construction","F42.9.1","construction of water projects"
417,6,"F","construction","F42.9.9","construction of other civil engineering projects n.e.c."
418,6,"F","construction","F43","specialised construction activities"
419,6,"F","construction","F43.1","demolition and site preparation"
420,6,"F","construction","F43.1.1","demolition"
421,6,"F","construction","F43.1.2","site preparation"
422,6,"F","construction","F43.1.3","test drilling and boring"
423,6,"F","construction","F43.2","electrical, plumbing and other construction installation activities"
424,6,"F","construction","F43.2.1","electrical installation"
425,6,"F","construction","F43.2.2","plumbing, heat and air-conditioning installation"
426,6,"F","construction","F43.2.9","other construction installation"
427,6,"F","construction","F43.3","building completion and finishing"
428,6,"F","construction","F43.3.1","plastering"
429,6,"F","construction","F43.3.2","joinery installation"
430,6,"F","construction","F43.3.3","floor and wall covering"
431,6,"F","construction","F43.3.4","painting and glazing"
432,6,"F","construction","F43.3.9","other building completion and finishing"
433,6,"F","construction","F43.9","other specialised construction activities"
434,6,"F","construction","F43.9.1","roofing activities"
435,6,"F","construction","F43.9.9","other specialised construction activities n.e.c."
436,7,"G","wholesale and retail trade; repair of motor vehicles and motorcycles","G","wholesale and retail trade; repair of motor vehicles and motorcycles"
437,7,"G","wholesale and retail trade; repair of motor vehicles and motorcycles","G45","wholesale and retail trade and repair of motor vehicles and motorcycles"
438,7,"G","wholesale and retail trade; repair of motor vehicles and motorcycles","G45.1","sale of motor vehicles"
439,7,"G","wholesale and retail trade; repair of motor vehicles and motorcycles","G45.1.1","sale of cars and light motor vehicles"
440,7,"G","wholesale and retail trade; repair of motor vehicles and motorcycles","G45.1.9","sale of other motor vehicles"
441,7,"G","wholesale and retail trade; repair of motor vehicles and motorcycles","G45.2","maintenance and repair of motor vehicles"
442,7,"G","wholesale and retail trade; repair of motor vehicles and motorcycles","G45.3","sale of motor vehicle parts and accessories"
443,7,"G","wholesale and retail trade; repair of motor vehicles and motorcycles","G45.3.1","wholesale trade of motor vehicle parts and accessories"
444,7,"G","wholesale and retail trade; repair of motor vehicles and motorcycles","G45.3.2","retail trade of motor vehicle parts and accessories"
445,7,"G","wholesale and retail trade; repair of motor vehicles and motorcycles","G45.4","sale, maintenance and repair of motorcycles and related parts and accessories"
446,7,"G","wholesale and retail trade; repair of motor vehicles and motorcycles","G46","wholesale trade, except of motor vehicles and motorcycles"
447,7,"G","wholesale and retail trade; repair of motor vehicles and motorcycles","G46.1","wholesale on a fee or contract basis"
448,7,"G","wholesale and retail trade; repair of motor vehicles and motorcycles","G46.1.1","agents involved in the sale of agricultural raw materials, live animals, textile raw materials and semi-finished goods"
449,7,"G","wholesale and retail trade; repair of motor vehicles and motorcycles","G46.1.2","agents involved in the sale of fuels, ores, metals and industrial chemicals"
450,7,"G","wholesale and retail trade; repair of motor vehicles and motorcycles","G46.1.3","agents involved in the sale of timber and building materials"
451,7,"G","wholesale and retail trade; repair of motor vehicles and motorcycles","G46.1.4","agents involved in the sale of machinery, industrial equipment, ships and aircraft"
452,7,"G","wholesale and retail trade; repair of motor vehicles and motorcycles","G46.1.5","agents involved in the sale of furniture, household goods, hardware and ironmongery"
453,7,"G","wholesale and retail trade; repair of motor vehicles and motorcycles","G46.1.6","agents involved in the sale of textiles, clothing, fur, footwear and leather goods"
454,7,"G","wholesale and retail trade; repair of motor vehicles and motorcycles","G46.1.7","agents involved in the sale of food, beverages and tobacco"
455,7,"G","wholesale and retail trade; repair of motor vehicles and motorcycles","G46.1.8","agents specialised in the sale of other particular products"
456,7,"G","wholesale and retail trade; repair of motor vehicles and motorcycles","G46.1.9","agents involved in the sale of a variety of goods"
457,7,"G","wholesale and retail trade; repair of motor vehicles and motorcycles","G46.2","wholesale of agricultural raw materials and live animals"
458,7,"G","wholesale and retail trade; repair of motor vehicles and motorcycles","G46.2.1","wholesale of grain, unmanufactured tobacco, seeds and animal feeds"
459,7,"G","wholesale and retail trade; repair of motor vehicles and motorcycles","G46.2.2","wholesale of flowers and plants"
460,7,"G","wholesale and retail trade; repair of motor vehicles and motorcycles","G46.2.3","wholesale of live animals"
461,7,"G","wholesale and retail trade; repair of motor vehicles and motorcycles","G46.2.4","wholesale of hides, skins and leather"
462,7,"G","wholesale and retail trade; repair of motor vehicles and motorcycles","G46.3","wholesale of food, beverages and tobacco"
463,7,"G","wholesale and retail trade; repair of motor vehicles and motorcycles","G46.3.1","wholesale of fruit and vegetables"
464,7,"G","wholesale and retail trade; repair of motor vehicles and motorcycles","G46.3.2","wholesale of meat and meat products"
465,7,"G","wholesale and retail trade; repair of motor vehicles and motorcycles","G46.3.3","wholesale of dairy products, eggs and edible oils and fats"
466,7,"G","wholesale and retail trade; repair of motor vehicles and motorcycles","G46.3.4","wholesale of beverages"
467,7,"G","wholesale and retail trade; repair of motor vehicles and motorcycles","G46.3.5","wholesale of tobacco products"
468,7,"G","wholesale and retail trade; repair of motor vehicles and motorcycles","G46.3.6","wholesale of sugar and chocolate and sugar confectionery"
469,7,"G","wholesale and retail trade; repair of motor vehicles and motorcycles","G46.3.7","wholesale of coffee, tea, cocoa and spices"
470,7,"G","wholesale and retail trade; repair of motor vehicles and motorcycles","G46.3.8","wholesale of other food, including fish, crustaceans and molluscs"
471,7,"G","wholesale and retail trade; repair of motor vehicles and motorcycles","G46.3.9","non-specialised wholesale of food, beverages and tobacco"
472,7,"G","wholesale and retail trade; repair of motor vehicles and motorcycles","G46.4","wholesale of household goods"
473,7,"G","wholesale and retail trade; repair of motor vehicles and motorcycles","G46.4.1","wholesale of textiles"
474,7,"G","wholesale and retail trade; repair of motor vehicles and motorcycles","G46.4.2","wholesale of clothing and footwear"
475,7,"G","wholesale and retail trade; repair of motor vehicles and motorcycles","G46.4.3","wholesale of electrical household appliances"
476,7,"G","wholesale and retail trade; repair of motor vehicles and motorcycles","G46.4.4","wholesale of china and glassware and cleaning materials"
477,7,"G","wholesale and retail trade; repair of motor vehicles and motorcycles","G46.4.5","wholesale of perfume and cosmetics"
478,7,"G","wholesale and retail trade; repair of motor vehicles and motorcycles","G46.4.6","wholesale of pharmaceutical goods"
479,7,"G","wholesale and retail trade; repair of motor vehicles and motorcycles","G46.4.7","wholesale of furniture, carpets and lighting equipment"
480,7,"G","wholesale and retail trade; repair of motor vehicles and motorcycles","G46.4.8","wholesale of watches and jewellery"
481,7,"G","wholesale and retail trade; repair of motor vehicles and motorcycles","G46.4.9","wholesale of other household goods"
482,7,"G","wholesale and retail trade; repair of motor vehicles and motorcycles","G46.5","wholesale of information and communication equipment"
483,7,"G","wholesale and retail trade; repair of motor vehicles and motorcycles","G46.5.1","wholesale of computers, computer peripheral equipment and software"
484,7,"G","wholesale and retail trade; repair of motor vehicles and motorcycles","G46.5.2","wholesale of electronic and telecommunications equipment and parts"
485,7,"G","wholesale and retail trade; repair of motor vehicles and motorcycles","G46.6","wholesale of other machinery, equipment and supplies"
486,7,"G","wholesale and retail trade; repair of motor vehicles and motorcycles","G46.6.1","wholesale of agricultural machinery, equipment and supplies"
487,7,"G","wholesale and retail trade; repair of motor vehicles and motorcycles","G46.6.2","wholesale of machine tools"
488,7,"G","wholesale and retail trade; repair of motor vehicles and motorcycles","G46.6.3","wholesale of mining, construction and civil engineering machinery"
489,7,"G","wholesale and retail trade; repair of motor vehicles and motorcycles","G46.6.4","wholesale of machinery for the textile industry and of sewing and knitting machines"
490,7,"G","wholesale and retail trade; repair of motor vehicles and motorcycles","G46.6.5","wholesale of office furniture"
491,7,"G","wholesale and retail trade; repair of motor vehicles and motorcycles","G46.6.6","wholesale of other office machinery and equipment"
492,7,"G","wholesale and retail trade; repair of motor vehicles and motorcycles","G46.6.9","wholesale of other machinery and equipment"
493,7,"G","wholesale and retail trade; repair of motor vehicles and motorcycles","G46.7","other specialised wholesale"
494,7,"G","wholesale and retail trade; repair of motor vehicles and motorcycles","G46.7.1","wholesale of solid, liquid and gaseous fuels and related products"
495,7,"G","wholesale and retail trade; repair of motor vehicles and motorcycles","G46.7.2","wholesale of metals and metal ores"
496,7,"G","wholesale and retail trade; repair of motor vehicles and motorcycles","G46.7.3","wholesale of wood, construction materials and sanitary equipment"
497,7,"G","wholesale and retail trade; repair of motor vehicles and motorcycles","G46.7.4","wholesale of hardware, plumbing and heating equipment and supplies"
498,7,"G","wholesale and retail trade; repair of motor vehicles and motorcycles","G46.7.5","wholesale of chemical products"
499,7,"G","wholesale and retail trade; repair of motor vehicles and motorcycles","G46.7.6","wholesale of other intermediate products"
500,7,"G","wholesale and retail trade; repair of motor vehicles and motorcycles","G46.7.7","wholesale of waste and scrap"
501,7,"G","wholesale and retail trade; repair of motor vehicles and motorcycles","G46.9","non-specialised wholesale trade"
502,7,"G","wholesale and retail trade; repair of motor vehicles and motorcycles","G47","retail trade, except of motor vehicles and motorcycles"
503,7,"G","wholesale and retail trade; repair of motor vehicles and motorcycles","G47.1","retail sale in non-specialised stores"
504,7,"G","wholesale and retail trade; repair of motor vehicles and motorcycles","G47.1.1","retail sale in non-specialised stores with food, beverages or tobacco predominating"
505,7,"G","wholesale and retail trade; repair of motor vehicles and motorcycles","G47.1.9","other retail sale in non-specialised stores"
506,7,"G","wholesale and retail trade; repair of motor vehicles and motorcycles","G47.2","retail sale of food, beverages and tobacco in specialised stores"
507,7,"G","wholesale and retail trade; repair of motor vehicles and motorcycles","G47.2.1","retail sale of fruit and vegetables in specialised stores"
508,7,"G","wholesale and retail trade; repair of motor vehicles and motorcycles","G47.2.2","retail sale of meat and meat products in specialised stores"
509,7,"G","wholesale and retail trade; repair of motor vehicles and motorcycles","G47.2.3","retail sale of fish, crustaceans and molluscs in specialised stores"
510,7,"G","wholesale and retail trade; repair of motor vehicles and motorcycles","G47.2.4","retail sale of bread, cakes, flour confectionery and sugar confectionery in specialised stores"
511,7,"G","wholesale and retail trade; repair of motor vehicles and motorcycles","G47.2.5","retail sale of beverages in specialised stores"
512,7,"G","wholesale and retail trade; repair of motor vehicles and motorcycles","G47.2.6","retail sale of tobacco products in specialised stores"
513,7,"G","wholesale and retail trade; repair of motor vehicles and motorcycles","G47.2.9","other retail sale of food in specialised stores"
514,7,"G","wholesale and retail trade; repair of motor vehicles and motorcycles","G47.3","retail sale of automotive fuel in specialised stores"
515,7,"G","wholesale and retail trade; repair of motor vehicles and motorcycles","G47.4","retail sale of information and communication equipment in specialised stores"
516,7,"G","wholesale and retail trade; repair of motor vehicles and motorcycles","G47.4.1","retail sale of computers, peripheral units and software in specialised stores"
517,7,"G","wholesale and retail trade; repair of motor vehicles and motorcycles","G47.4.2","retail sale of telecommunications equipment in specialised stores"
518,7,"G","wholesale and retail trade; repair of motor vehicles and motorcycles","G47.4.3","retail sale of audio and video equipment in specialised stores"
519,7,"G","wholesale and retail trade; repair of motor vehicles and motorcycles","G47.5","retail sale of other household equipment in specialised stores"
520,7,"G","wholesale and retail trade; repair of motor vehicles and motorcycles","G47.5.1","retail sale of textiles in specialised stores"
521,7,"G","wholesale and retail trade; repair of motor vehicles and motorcycles","G47.5.2","retail sale of hardware, paints and glass in specialised stores"
522,7,"G","wholesale and retail trade; repair of motor vehicles and motorcycles","G47.5.3","retail sale of carpets, rugs, wall and floor coverings in specialised stores"
523,7,"G","wholesale and retail trade; repair of motor vehicles and motorcycles","G47.5.4","retail sale of electrical household appliances in specialised stores"
524,7,"G","wholesale and retail trade; repair of motor vehicles and motorcycles","G47.5.9","retail sale of furniture, lighting equipment and other household articles in specialised stores"
525,7,"G","wholesale and retail trade; repair of motor vehicles and motorcycles","G47.6","retail sale of cultural and recreation goods in specialised stores"
526,7,"G","wholesale and retail trade; repair of motor vehicles and motorcycles","G47.6.1","retail sale of books in specialised stores"
527,7,"G","wholesale and retail trade; repair of motor vehicles and motorcycles","G47.6.2","retail sale of newspapers and stationery in specialised stores"
528,7,"G","wholesale and retail trade; repair of motor vehicles and motorcycles","G47.6.3","retail sale of music and video recordings in specialised stores"
529,7,"G","wholesale and retail trade; repair of motor vehicles and motorcycles","G47.6.4","retail sale of sporting equipment in specialised stores"
530,7,"G","wholesale and retail trade; repair of motor vehicles and motorcycles","G47.6.5","retail sale of games and toys in specialised stores"
531,7,"G","wholesale and retail trade; repair of motor vehicles and motorcycles","G47.7","retail sale of other goods in specialised stores"
532,7,"G","wholesale and retail trade; repair of motor vehicles and motorcycles","G47.7.1","retail sale of clothing in specialised stores"
533,7,"G","wholesale and retail trade; repair of motor vehicles and motorcycles","G47.7.2","retail sale of footwear and leather goods in specialised stores"
534,7,"G","wholesale and retail trade; repair of motor vehicles and motorcycles","G47.7.3","dispensing chemist in specialised stores"
535,7,"G","wholesale and retail trade; repair of motor vehicles and motorcycles","G47.7.4","retail sale of medical and orthopaedic goods in specialised stores"
536,7,"G","wholesale and retail trade; repair of motor vehicles and motorcycles","G47.7.5","retail sale of cosmetic and toilet articles in specialised stores"
537,7,"G","wholesale and retail trade; repair of motor vehicles and motorcycles","G47.7.6","retail sale of flowers, plants, seeds, fertilisers, pet animals and pet food in specialised stores"
538,7,"G","wholesale and retail trade; repair of motor vehicles and motorcycles","G47.7.7","retail sale of watches and jewellery in specialised stores"
539,7,"G","wholesale and retail trade; repair of motor vehicles and motorcycles","G47.7.8","other retail sale of new goods in specialised stores"
540,7,"G","wholesale and retail trade; repair of motor vehicles and motorcycles","G47.7.9","retail sale of second-hand goods in stores"
541,7,"G","wholesale and retail trade; repair of motor vehicles and motorcycles","G47.8","retail sale via stalls and markets"
542,7,"G","wholesale and retail trade; repair of motor vehicles and motorcycles","G47.8.1","retail sale via stalls and markets of food, beverages and tobacco products"
543,7,"G","wholesale and retail trade; repair of motor vehicles and motorcycles","G47.8.2","retail sale via stalls and markets of textiles, clothing and footwear"
544,7,"G","wholesale and retail trade; repair of motor vehicles and motorcycles","G47.8.9","retail sale via stalls and markets of other goods"
545,7,"G","wholesale and retail trade; repair of motor vehicles and motorcycles","G47.9","retail trade not in stores, stalls or markets"
546,7,"G","wholesale and retail trade; repair of motor vehicles and motorcycles","G47.9.1","retail sale via mail order houses or via internet"
547,7,"G","wholesale and retail trade; repair of motor vehicles and motorcycles","G47.9.9","other retail sale not in stores, stalls or markets"
548,8,"H","transporting and storage","H","transporting and storage"
549,8,"H","transporting and storage","H49","land transport and transport via pipelines"
550,8,"H","transporting and storage","H49.1","passenger rail transport, interurban"
551,8,"H","transporting and storage","H49.2","freight rail transport"
552,8,"H","transporting and storage","H49.3","other passenger land transport"
553,8,"H","transporting and storage","H49.3.1","urban and suburban passenger land transport"
554,8,"H","transporting and storage","H49.3.2","taxi operation"
555,8,"H","transporting and storage","H49.3.9","other passenger land transport n.e.c."
556,8,"H","transporting and storage","H49.4","freight transport by road and removal services"
557,8,"H","transporting and storage","H49.4.1","freight transport by road"
558,8,"H","transporting and storage","H49.4.2","removal services"
559,8,"H","transporting and storage","H49.5","transport via pipeline"
560,8,"H","transporting and storage","H50","water transport"
561,8,"H","transporting and storage","H50.1","sea and coastal passenger water transport"
562,8,"H","transporting and storage","H50.2","sea and coastal freight water transport"
563,8,"H","transporting and storage","H50.3","inland passenger water transport"
564,8,"H","transporting and storage","H50.4","inland freight water transport"
565,8,"H","transporting and storage","H51","air transport"
566,8,"H","transporting and storage","H51.1","passenger air transport"
567,8,"H","transporting and storage","H51.2","freight air transport and space transport"
568,8,"H","transporting and storage","H51.2.1","freight air transport"
569,8,"H","transporting and storage","H51.2.2","space transport"
570,8,"H","transporting and storage","H52","warehousing and support activities for transportation"
571,8,"H","transporting and storage","H52.1","warehousing and storage"
572,8,"H","transporting and storage","H52.2","support activities for transportation"
573,8,"H","transporting and storage","H52.2.1","service activities incidental to land transportation"
574,8,"H","transporting and storage","H52.2.2","service activities incidental to water transportation"
575,8,"H","transporting and storage","H52.2.3","service activities incidental to air transportation"
576,8,"H","transporting and storage","H52.2.4","cargo handling"
577,8,"H","transporting and storage","H52.2.9","other transportation support activities"
578,8,"H","transporting and storage","H53","postal and courier activities"
579,8,"H","transporting and storage","H53.1","postal activities under universal service obligation"
580,8,"H","transporting and storage","H53.2","other postal and courier activities"
581,9,"I","accommodation and food service activities","I","accommodation and food service activities"
582,9,"I","accommodation and food service activities","I55","accommodation"
583,9,"I","accommodation and food service activities","I55.1","hotels and similar accommodation"
584,9,"I","accommodation and food service activities","I55.2","holiday and other short-stay accommodation"
585,9,"I","accommodation and food service activities","I55.3","camping grounds, recreational vehicle parks and trailer parks"
586,9,"I","accommodation and food service activities","I55.9","other accommodation"
587,9,"I","accommodation and food service activities","I56","food and beverage service activities"
588,9,"I","accommodation and food service activities","I56.1","restaurants and mobile food service activities"
589,9,"I","accommodation and food service activities","I56.2","event catering and other food service activities"
590,9,"I","accommodation and food service activities","I56.2.1","event catering activities"
591,9,"I","accommodation and food service activities","I56.2.9","other food service activities"
592,9,"I","accommodation and food service activities","I56.3","beverage serving activities"
593,10,"J","information and communication","J","information and communication"
594,10,"J","information and communication","J58","publishing activities"
595,10,"J","information and communication","J58.1","publishing of books, periodicals and other publishing activities"
596,10,"J","information and communication","J58.1.1","book publishing"
597,10,"J","information and communication","J58.1.2","publishing of directories and mailing lists"
598,10,"J","information and communication","J58.1.3","publishing of newspapers"
599,10,"J","information and communication","J58.1.4","publishing of journals and periodicals"
600,10,"J","information and communication","J58.1.9","other publishing activities"
601,10,"J","information and communication","J58.2","software publishing"
602,10,"J","information and communication","J58.2.1","publishing of computer games"
603,10,"J","information and communication","J58.2.9","other software publishing"
604,10,"J","information and communication","J59","motion picture, video and television programme production, sound recording and music publishing activities"
605,10,"J","information and communication","J59.1","motion picture, video and television programme activities"
606,10,"J","information and communication","J59.1.1","motion picture, video and television programme production activities"
607,10,"J","information and communication","J59.1.2","motion picture, video and television programme post-production activities"
608,10,"J","information and communication","J59.1.3","motion picture, video and television programme distribution activities"
609,10,"J","information and communication","J59.1.4","motion picture projection activities"
610,10,"J","information and communication","J59.2","sound recording and music publishing activities"
611,10,"J","information and communication","J60","programming and broadcasting activities"
612,10,"J","information and communication","J60.1","radio broadcasting"
613,10,"J","information and communication","J60.2","television programming and broadcasting activities"
614,10,"J","information and communication","J61","telecommunications"
615,10,"J","information and communication","J61.1","wired telecommunications activities"
616,10,"J","information and communication","J61.2","wireless telecommunications activities"
617,10,"J","information and communication","J61.3","satellite telecommunications activities"
618,10,"J","information and communication","J61.9","other telecommunications activities"
619,10,"J","information and communication","J62","computer programming, consultancy and related activities"
620,10,"J","information and communication","J62.0.1","computer programming activities"
621,10,"J","information and communication","J62.0.2","computer consultancy activities"
622,10,"J","information and communication","J62.0.3","computer facilities management activities"
623,10,"J","information and communication","J62.0.9","other information technology and computer service activities"
624,10,"J","information and communication","J63","information service activities"
625,10,"J","information and communication","J63.1","data processing, hosting and related activities; web portals"
626,10,"J","information and communication","J63.1.1","data processing, hosting and related activities"
627,10,"J","information and communication","J63.1.2","web portals"
628,10,"J","information and communication","J63.9","other information service activities"
629,10,"J","information and communication","J63.9.1","news agency activities"
630,10,"J","information and communication","J63.9.9","other information service activities n.e.c."
631,11,"K","financial and insurance activities","K","financial and insurance activities"
632,11,"K","financial and insurance activities","K64","financial service activities, except insurance and pension funding"
633,11,"K","financial and insurance activities","K64.1","monetary intermediation"
634,11,"K","financial and insurance activities","K64.1.1","central banking"
635,11,"K","financial and insurance activities","K64.1.9","other monetary intermediation"
636,11,"K","financial and insurance activities","K64.2","activities of holding companies"
637,11,"K","financial and insurance activities","K64.3","trusts, funds and similar financial entities"
638,11,"K","financial and insurance activities","K64.9","other financial service activities, except insurance and pension funding"
639,11,"K","financial and insurance activities","K64.9.1","financial leasing"
640,11,"K","financial and insurance activities","K64.9.2","other credit granting"
641,11,"K","financial and insurance activities","K64.9.9","other financial service activities, except insurance and pension funding n.e.c."
642,11,"K","financial and insurance activities","K65","insurance, reinsurance and pension funding, except compulsory social security"
643,11,"K","financial and insurance activities","K65.1","insurance"
644,11,"K","financial and insurance activities","K65.1.1","life insurance"
645,11,"K","financial and insurance activities","K65.1.2","non-life insurance"
646,11,"K","financial and insurance activities","K65.2","reinsurance"
647,11,"K","financial and insurance activities","K65.3","pension funding"
648,11,"K","financial and insurance activities","K66","activities auxiliary to financial services and insurance activities"
649,11,"K","financial and insurance activities","K66.1","activities auxiliary to financial services, except insurance and pension funding"
650,11,"K","financial and insurance activities","K66.1.1","administration of financial markets"
651,11,"K","financial and insurance activities","K66.1.2","security and commodity contracts brokerage"
652,11,"K","financial and insurance activities","K66.1.9","other activities auxiliary to financial services, except insurance and pension funding"
653,11,"K","financial and insurance activities","K66.2","activities auxiliary to insurance and pension funding"
654,11,"K","financial and insurance activities","K66.2.1","risk and damage evaluation"
655,11,"K","financial and insurance activities","K66.2.2","activities of insurance agents and brokers"
656,11,"K","financial and insurance activities","K66.2.9","other activities auxiliary to insurance and pension funding"
657,11,"K","financial and insurance activities","K66.3","fund management activities"
658,12,"L","real estate activities","L","real estate activities"
659,12,"L","real estate activities","L68.1","buying and selling of own real estate"
660,12,"L","real estate activities","L68.2","renting and operating of own or leased real estate"
661,12,"L","real estate activities","L68.3","real estate activities on a fee or contract basis"
662,12,"L","real estate activities","L68.3.1","real estate agencies"
663,12,"L","real estate activities","L68.3.2","management of real estate on a fee or contract basis"
664,13,"M","professional, scientific and technical activities","M","professional, scientific and technical activities"
665,13,"M","professional, scientific and technical activities","M69","legal and accounting activities"
666,13,"M","professional, scientific and technical activities","M69.1","legal activities"
667,13,"M","professional, scientific and technical activities","M69.2","accounting, bookkeeping and auditing activities; tax consultancy"
668,13,"M","professional, scientific and technical activities","M70","activities of head offices; management consultancy activities"
669,13,"M","professional, scientific and technical activities","M70.1","activities of head offices"
670,13,"M","professional, scientific and technical activities","M70.2","management consultancy activities"
671,13,"M","professional, scientific and technical activities","M70.2.1","public relations and communication activities"
672,13,"M","professional, scientific and technical activities","M70.2.2","business and other management consultancy activities"
673,13,"M","professional, scientific and technical activities","M71","architectural and engineering activities; technical testing and analysis"
674,13,"M","professional, scientific and technical activities","M71.1","architectural and engineering activities and related technical consultancy"
675,13,"M","professional, scientific and technical activities","M71.1.1","architectural activities"
676,13,"M","professional, scientific and technical activities","M71.1.2","engineering activities and related technical consultancy"
677,13,"M","professional, scientific and technical activities","M71.2","technical testing and analysis"
678,13,"M","professional, scientific and technical activities","M72","scientific research and development"
679,13,"M","professional, scientific and technical activities","M72.1","research and experimental development on natural sciences and engineering"
680,13,"M","professional, scientific and technical activities","M72.1.1","research and experimental development on biotechnology"
681,13,"M","professional, scientific and technical activities","M72.1.9","other research and experimental development on natural sciences and engineering"
682,13,"M","professional, scientific and technical activities","M72.2","research and experimental development on social sciences and humanities"
683,13,"M","professional, scientific and technical activities","M73","advertising and market research"
684,13,"M","professional, scientific and technical activities","M73.1","advertising"
685,13,"M","professional, scientific and technical activities","M73.1.1","advertising agencies"
686,13,"M","professional, scientific and technical activities","M73.1.2","media representation"
687,13,"M","professional, scientific and technical activities","M73.2","market research and public opinion polling"
688,13,"M","professional, scientific and technical activities","M74","other professional, scientific and technical activities"
689,13,"M","professional, scientific and technical activities","M74.1","specialised design activities"
690,13,"M","professional, scientific and technical activities","M74.2","photographic activities"
691,13,"M","professional, scientific and technical activities","M74.3","translation and interpretation activities"
692,13,"M","professional, scientific and technical activities","M74.9","other professional, scientific and technical activities n.e.c."
693,13,"M","professional, scientific and technical activities","M75","veterinary activities"
694,14,"N","administrative and support service activities","N","administrative and support service activities"
695,14,"N","administrative and support service activities","N77","rental and leasing activities"
696,14,"N","administrative and support service activities","N77.1","renting and leasing of motor vehicles"
697,14,"N","administrative and support service activities","N77.1.1","renting and leasing of cars and light motor vehicles"
698,14,"N","administrative and support service activities","N77.1.2","renting and leasing of trucks"
699,14,"N","administrative and support service activities","N77.2","renting and leasing of personal and household goods"
700,14,"N","administrative and support service activities","N77.2.1","renting and leasing of recreational and sports goods"
701,14,"N","administrative and support service activities","N77.2.2","renting of video tapes and disks"
702,14,"N","administrative and support service activities","N77.2.9","renting and leasing of other personal and household goods"
703,14,"N","administrative and support service activities","N77.3","renting and leasing of other machinery, equipment and tangible goods"
704,14,"N","administrative and support service activities","N77.3.1","renting and leasing of agricultural machinery and equipment"
705,14,"N","administrative and support service activities","N77.3.2","renting and leasing of construction and civil engineering machinery and equipment"
706,14,"N","administrative and support service activities","N77.3.3","renting and leasing of office machinery and equipment (including computers)"
707,14,"N","administrative and support service activities","N77.3.4","renting and leasing of water transport equipment"
708,14,"N","administrative and support service activities","N77.3.5","renting and leasing of air transport equipment"
709,14,"N","administrative and support service activities","N77.3.9","renting and leasing of other machinery, equipment and tangible goods n.e.c."
710,14,"N","administrative and support service activities","N77.4","leasing of intellectual property and similar products, except copyrighted works"
711,14,"N","administrative and support service activities","N78","employment activities"
712,14,"N","administrative and support service activities","N78.1","activities of employment placement agencies"
713,14,"N","administrative and support service activities","N78.2","temporary employment agency activities"
714,14,"N","administrative and support service activities","N78.3","other human resources provision"
715,14,"N","administrative and support service activities","N79","travel agency, tour operator and other reservation service and related activities"
716,14,"N","administrative and support service activities","N79.1","travel agency and tour operator activities"
717,14,"N","administrative and support service activities","N79.1.1","travel agency activities"
718,14,"N","administrative and support service activities","N79.1.2","tour operator activities"
719,14,"N","administrative and support service activities","N79.9","other reservation service and related activities"
720,14,"N","administrative and support service activities","N80","security and investigation activities"
721,14,"N","administrative and support service activities","N80.1","private security activities"
722,14,"N","administrative and support service activities","N80.2","security systems service activities"
723,14,"N","administrative and support service activities","N80.3","investigation activities"
724,14,"N","administrative and support service activities","N81","services to buildings and landscape activities"
725,14,"N","administrative and support service activities","N81.1","combined facilities support activities"
726,14,"N","administrative and support service activities","N81.2","cleaning activities"
727,14,"N","administrative and support service activities","N81.2.1","general cleaning of buildings"
728,14,"N","administrative and support service activities","N81.2.2","other building and industrial cleaning activities"
729,14,"N","administrative and support service activities","N81.2.9","other cleaning activities"
730,14,"N","administrative and support service activities","N81.3","landscape service activities"
731,14,"N","administrative and support service activities","N82","office administrative, office support and other business support activities"
732,14,"N","administrative and support service activities","N82.1","office administrative and support activities"
733,14,"N","administrative and support service activities","N82.1.1","combined office administrative service activities"
734,14,"N","administrative and support service activities","N82.1.9","photocopying, document preparation and other specialised office support activities"
735,14,"N","administrative and support service activities","N82.2","activities of call centres"
736,14,"N","administrative and support service activities","N82.3","organisation of conventions and trade shows"
737,14,"N","administrative and support service activities","N82.9","business support service activities n.e.c."
738,14,"N","administrative and support service activities","N82.9.1","activities of collection agencies and credit bureaus"
739,14,"N","administrative and support service activities","N82.9.2","packaging activities"
740,14,"N","administrative and support service activities","N82.9.9","other business support service activities n.e.c."
741,15,"O","public administration and defence; compulsory social security","O","public administration and defence; compulsory social security"
742,15,"O","public administration and defence; compulsory social security","O84.1","administration of the state and the economic and social policy of the community"
743,15,"O","public administration and defence; compulsory social security","O84.1.1","general public administration activities"
744,15,"O","public administration and defence; compulsory social security","O84.1.2","regulation of the activities of providing health care, education, cultural services and other social services, excluding social security"
745,15,"O","public administration and defence; compulsory social security","O84.1.3","regulation of and contribution to more efficient operation of businesses"
746,15,"O","public administration and defence; compulsory social security","O84.2","provision of services to the community as a whole"
747,15,"O","public administration and defence; compulsory social security","O84.2.1","foreign affairs"
748,15,"O","public administration and defence; compulsory social security","O84.2.2","defence activities"
749,15,"O","public administration and defence; compulsory social security","O84.2.3","justice and judicial activities"
750,15,"O","public administration and defence; compulsory social security","O84.2.4","public order and safety activities"
751,15,"O","public administration and defence; compulsory social security","O84.2.5","fire service activities"
752,15,"O","public administration and defence; compulsory social security","O84.3","compulsory social security activities"
753,16,"P","education","P","education"
754,16,"P","education","P85.1","pre-primary education"
755,16,"P","education","P85.2","primary education"
756,16,"P","education","P85.3","secondary education"
757,16,"P","education","P85.3.1","general secondary education"
758,16,"P","education","P85.3.2","technical and vocational secondary education"
759,16,"P","education","P85.4","higher education"
760,16,"P","education","P85.4.1","post-secondary non-tertiary education"
761,16,"P","education","P85.4.2","tertiary education"
762,16,"P","education","P85.5","other education"
763,16,"P","education","P85.5.1","sports and recreation education"
764,16,"P","education","P85.5.2","cultural education"
765,16,"P","education","P85.5.3","driving school activities"
766,16,"P","education","P85.5.9","other education n.e.c."
767,16,"P","education","P85.6","educational support activities"
768,17,"Q","human health and social work activities","Q","human health and social work activities"
769,17,"Q","human health and social work activities","Q86","human health activities"
770,17,"Q","human health and social work activities","Q86.1","hospital activities"
771,17,"Q","human health and social work activities","Q86.2","medical and dental practice activities"
772,17,"Q","human health and social work activities","Q86.2.1","general medical practice activities"
773,17,"Q","human health and social work activities","Q86.2.2","specialist medical practice activities"
774,17,"Q","human health and social work activities","Q86.2.3","dental practice activities"
775,17,"Q","human health and social work activities","Q86.9","other human health activities"
776,17,"Q","human health and social work activities","Q87","residential care activities"
777,17,"Q","human health and social work activities","Q87.1","residential nursing care activities"
778,17,"Q","human health and social work activities","Q87.2","residential care activities for mental retardation, mental health and substance abuse"
779,17,"Q","human health and social work activities","Q87.3","residential care activities for the elderly and disabled"
780,17,"Q","human health and social work activities","Q87.9","other residential care activities"
781,17,"Q","human health and social work activities","Q88","social work activities without accommodation"
782,17,"Q","human health and social work activities","Q88.1","social work activities without accommodation for the elderly and disabled"
783,17,"Q","human health and social work activities","Q88.9","other social work activities without accommodation"
784,17,"Q","human health and social work activities","Q88.9.1","child day-care activities"
785,17,"Q","human health and social work activities","Q88.9.9","other social work activities without accommodation n.e.c."
786,18,"R","arts, entertainment and recreation","R","arts, entertainment and recreation"
787,18,"R","arts, entertainment and recreation","R90","creative, arts and entertainment activities"
788,18,"R","arts, entertainment and recreation","R90.0.1","performing arts"
789,18,"R","arts, entertainment and recreation","R90.0.2","support activities to performing arts"
790,18,"R","arts, entertainment and recreation","R90.0.3","artistic creation"
791,18,"R","arts, entertainment and recreation","R90.0.4","operation of arts facilities"
792,18,"R","arts, entertainment and recreation","R91","libraries, archives, museums and other cultural activities"
793,18,"R","arts, entertainment and recreation","R91.0.1","library and archives activities"
794,18,"R","arts, entertainment and recreation","R91.0.2","museums activities"
795,18,"R","arts, entertainment and recreation","R91.0.3","operation of historical sites and buildings and similar visitor attractions"
796,18,"R","arts, entertainment and recreation","R91.0.4","botanical and zoological gardens and nature reserves activities"
797,18,"R","arts, entertainment and recreation","R92","gambling and betting activities"
798,18,"R","arts, entertainment and recreation","R93","sports activities and amusement and recreation activities"
799,18,"R","arts, entertainment and recreation","R93.1","sports activities"
800,18,"R","arts, entertainment and recreation","R93.1.1","operation of sports facilities"
801,18,"R","arts, entertainment and recreation","R93.1.2","activities of sport clubs"
802,18,"R","arts, entertainment and recreation","R93.1.3","fitness facilities"
803,18,"R","arts, entertainment and recreation","R93.1.9","other sports activities"
804,18,"R","arts, entertainment and recreation","R93.2","amusement and recreation activities"
805,18,"R","arts, entertainment and recreation","R93.2.1","activities of amusement parks and theme parks"
806,18,"R","arts, entertainment and recreation","R93.2.9","other amusement and recreation activities"
807,19,"S","other services activities","S","other services activities"
808,19,"S","other services activities","S94","activities of membership organisations"
809,19,"S","other services activities","S94.1","activities of business, employers and professional membership organisations"
810,19,"S","other services activities","S94.1.1","activities of business and employers membership organisations"
811,19,"S","other services activities","S94.1.2","activities of professional membership organisations"
812,19,"S","other services activities","S94.2","activities of trade unions"
813,19,"S","other services activities","S94.9","activities of other membership organisations"
814,19,"S","other services activities","S94.9.1","activities of religious organisations"
815,19,"S","other services activities","S94.9.2","activities of political organisations"
816,19,"S","other services activities","S94.9.9","activities of other membership organisations n.e.c."
817,19,"S","other services activities","S95","repair of computers and personal and household goods"
818,19,"S","other services activities","S95.1","repair of computers and communication equipment"
819,19,"S","other services activities","S95.1.1","repair of computers and peripheral equipment"
820,19,"S","other services activities","S95.1.2","repair of communication equipment"
821,19,"S","other services activities","S95.2","repair of personal and household goods"
822,19,"S","other services activities","S95.2.1","repair of consumer electronics"
823,19,"S","other services activities","S95.2.2","repair of household appliances and home and garden equipment"
824,19,"S","other services activities","S95.2.3","repair of footwear and leather goods"
825,19,"S","other services activities","S95.2.4","repair of furniture and home furnishings"
826,19,"S","other services activities","S95.2.5","repair of watches, clocks and jewellery"
827,19,"S","other services activities","S95.2.9","repair of other personal and household goods"
828,19,"S","other services activities","S96","other personal service activities"
829,19,"S","other services activities","S96.0.1","washing and (dry-)cleaning of textile and fur products"
830,19,"S","other services activities","S96.0.2","hairdressing and other beauty treatment"
831,19,"S","other services activities","S96.0.3","funeral and related activities"
832,19,"S","other services activities","S96.0.4","physical well-being activities"
833,19,"S","other services activities","S96.0.9","other personal service activities n.e.c."
834,20,"T","activities of households as employers; undifferentiated goods - and services - producing activities of households for own use","T","activities of households as employers; undifferentiated goods - and services - producing activities of households for own use"
835,20,"T","activities of households as employers; undifferentiated goods - and services - producing activities of households for own use","T97","activities of households as employers of domestic personnel"
836,20,"T","activities of households as employers; undifferentiated goods - and services - producing activities of households for own use","T98","undifferentiated goods- and services-producing activities of private households for own use"
837,20,"T","activities of households as employers; undifferentiated goods - and services - producing activities of households for own use","T98.1","undifferentiated goods-producing activities of private households for own use"
838,20,"T","activities of households as employers; undifferentiated goods - and services - producing activities of households for own use","T98.2","undifferentiated service-producing activities of private households for own use"
839,21,"U","activities of extraterritorial organisations and bodies","U","activities of extraterritorial organisations and bodies"
